"分区 Zone","mk","原始开始 Start","原始结束 Finish"
"B2-S1","B2|B2S1","2026-11-03","2026-12-14"
"B2-S10","B2|B2S10","2026-10-01","2026-10-29"
"B2-S11","B2|B2S11","2026-07-14","2026-08-11"
"B2-S12","B2|B2S12","2026-09-04","2026-10-02"
"B2-S13","B2|B2S13","2026-09-01","2026-09-29"
"B2-S13a","B2|B2S13A","2026-08-27","2026-09-15"
"B2-S14","B2|B2S14","2026-08-04","2026-09-01"
"B2-S14a","B2|B2S14A","2026-08-12","2026-08-31"
"B2-S1a","B2|B2S1A","2026-10-04","2026-11-02"
"B2-S2-1","B2|B2S21","2027-01-04","2027-02-01"
"B2-S2-2","B2|B2S22","2027-01-04","2027-02-01"
"B2-S2a","B2|B2S2A","2026-09-09","2026-10-20"
"B2-S3-1","B2|B2S31","2026-09-16","2026-10-14"
"B2-S3-2","B2|B2S32","2026-09-16","2026-10-14"
"B2-S4-1","B2|B2S41","2026-11-11","2026-12-09"
"B2-S4-2","B2|B2S42","2026-11-11","2026-12-09"
"B2-S5-1","B2|B2S51","2026-11-11","2026-12-01"
"B2-S5-2","B2|B2S52","2026-11-11","2026-12-01"
"B2-S6","B2|B2S6","2026-12-18","2027-01-06"
"B2-S6a","B2|B2S6A","2026-11-16","2026-12-03"
"B2-S7","B2|B2S7","2026-12-03","2026-12-31"
"B2-S8","B2|B2S8","2026-10-02","2026-10-30"
"B2-S8a","B2|B2S8A","2026-09-15","2026-10-13"
"B2-S9","B2|B2S9","2026-09-21","2026-10-19"