分区	面积	开始	结束
B2-S1		2026-11-03	2026-12-14
B2-S10		2026-10-01	2026-10-29
B2-S11		2026-07-14	2026-08-11
B2-S12		2026-09-04	2026-10-02
B2-S13		2026-09-01	2026-09-29
B2-S13a		2026-08-27	2026-09-15
B2-S14		2026-08-04	2026-09-01
B2-S14a		2026-08-12	2026-08-31
B2-S1a		2026-10-04	2026-11-02
B2-S2-1		2027-01-04	2027-02-01
B2-S2-2		2027-01-04	2027-02-01
B2-S2a		2026-09-09	2026-10-20
B2-S3-1		2026-09-16	2026-10-14
B2-S3-2		2026-09-16	2026-10-14
B2-S4-1		2026-11-11	2026-12-09
B2-S4-2		2026-11-11	2026-12-09
B2-S5-1		2026-11-11	2026-12-01
B2-S5-2		2026-11-11	2026-12-01
B2-S6		2026-12-18	2027-01-06
B2-S6a		2026-11-16	2026-12-03
B2-S7		2026-12-03	2026-12-31
B2-S8		2026-10-02	2026-10-30
B2-S8a		2026-09-15	2026-10-13
B2-S9		2026-09-21	2026-10-19