"Lv","Zone","Pkg","Mark","Size","Dropped","LevelsWithThisMark"
"B2","B2-S7","NB","WF-B2C14","1000Ø","","4"
"B2","B2-S7","NB","WF-B2C6","1000Ø","","4"
"B2","B2-S7","NB","WF-B2C15","1000Ø","","4"
"B2","B2-S7","NB","WF-B2C7","1000Ø","","4"
"B2","B2-S7","NB","WF-B2C9","1000Ø","","4"
"B2","B2-S7","NB","WF-B2C16","1000Ø","","4"
"B2","B2-S3-1","NB","WF-B2C23","1000Ø","","4"
"B2","B2-S3-1","NB","WF-B2C22","1000Ø","","4"
"B2","B2-S3-1","NB","WF-B2C21","1500Ø","","4"
"B2","B2-S3-1","NB","WF-B2C28","1500Ø","","3"
"B2","B2-S3-2","NB","WF-B2C32","2200Ø","","7"
"B2","B2-S3-2","NB","WF-B2C37","2200Ø","","7"
"B2","B2-S3-2","NB","WF-B2C29","2200Ø","","8"
"B2","B2-S3-2","NB","WF-B2C30","1500Ø","","8"
"B2","B2-S3-2","NB","WF-B2C38","2200Ø","","8"
"B2","B2-S4-1","NB","WF-B2C41","2200Ø","","7"
"B2","B2-S4-1","NB","WF-B2C43","2200Ø","","7"
"B2","B2-S4-1","NB","WF-B2C42","2200Ø","","7"
"B2","B2-S4-1","NB","WF-B2C48","2200Ø","","7"
"B2","B2-S4-1","NB","WF-B2C49","2200Ø","","7"
"B2","B2-S4-1","NB","WF-B2C53","","","7"
"B2","B2-S6","NB","WF-B2C12","1000Ø","","4"
"B2","B2-S6","NB","WF-B2C4","1000Ø","","4"
"B2","B2-S6","NB","WF-B2C5","1000Ø","","4"
"B2","B2-S6","NB","WF-B2C13","1000Ø","","4"
"B2","B2-S5-2","NB","WF-B2C59","2200Ø","","8"
"B2","B2-S5-2","NB","WF-B2C63","2000Ø","","8"
"B2","B2-S5-2","NB","WF-B2C66","","","7"
"B2","B2-S1","NB","WF-B2C35","2200Ø","","7"
"B2","B2-S1","NB","WF-B2C31","2200Ø","","7"
"B2","B2-S1","NB","WF-B2C36","2200Ø","","7"
"B2","B2-S1","NB","WF-B2C26","1500Ø","","8"
"B2","B2-S1","NB","WF-B2C19","1500Ø","","7"
"B2","B2-S1","NB","WF-B2C20","1500Ø","","7"
"B2","B2-S1","NB","WF-B2C27","1500Ø","","8"
"B2","B2-S6a","NB","WF-B2C1","1000Ø","","3"
"B2","B2-S6a","NB","WF-B2C3","1000Ø","","3"
"B2","B2-S6a","NB","WF-B2C3a","1000Ø","","4"
"B2","B2-S6a","NB","WF-B2C2","1000Ø","","4"
"B2","B2-S6a","NB","WF-B2C17","1500Ø","","4"
"B2","B2-S6a","NB","WF-B2C11","1000Ø","","4"
"B2","B2-S6a","NB","WF-B2C10","1000Ø","","4"
"B2","B2-S4-2","NB","WF-B2C50","2200Ø","","7"
"B2","B2-S4-2","NB","WF-B2C52","1000Ø","","2"
"B2","B2-S4-2","NB","WF-B2C58","1000x3700","","8"
"B2","B2-S5-1","NB","MK-B2C28","1200Ø","","3"
"B2","B2-S5-1","NB","MK-B2C29","1200Ø","","3"
"B2","B2-S5-1","NB","MK-B2C13","1200Ø","","3"
"B2","B2-S5-1","NB","MK-B2C14","1200Ø","","3"
"B2","B2-S5-1","NB","WF-B2C67","3000x1200","","8"
"B2","B2-S5-1","NB","MK-B2C40","1200Ø","","2"
"B2","B2-S5-1","NB","MK-B2C27","1200Ø","","2"
"B2","B2-S5-1","NB","WF-B2C65","1000x1500","","3"
"B2","B2-S2-1","NB","WF-B2C40","2200Ø","","7"
"B2","B2-S9","NB","MK-B2C30","1200Ø","","3"
"B2","B2-S9","NB","MK-B2C31","1200Ø","","3"
"B2","B2-S9","NB","MK-B2C32","1200Ø","","3"
"B2","B2-S9","NB","MK-B2C15","1200Ø","","3"
"B2","B2-S9","NB","MK-B2C16","1200Ø","","2"
"B2","B2-S9","NB","MK-B2C17","1200Ø","","3"
"B2","B2-S9","NB","MK-B2C4","1200Ø","","3"
"B2","B2-S9","NB","MK-B2C5","1200Ø","","3"
"B2","B2-S9","NB","MK-B2C6","1200Ø","","3"
"B2","B2-S9","NB","MK-B2C1","1200Ø","","3"
"B2","B2-S9","NB","WF-B2C68","1200Ø","","3"
"B2","B2-S9","NB","WF-B2C69","3000x1200","","8"
"B2","EB2-2.4","EB","CX12-CY42","1000Ø","","3"
"B2","EB2-2.4","EB","CX13-CY43-1","1000Ø","","3"
"B2","EB2-2.4","EB","CX13-CY41-1","1000Ø","","3"
"B2","B2-S2-2","NB","WF-B2C56","1500x1500","","7"
"B2","B2-S2-2","NB","WF-B2C57","1500x1500","","7"
"B2","B2-S2-2","NB","WF-B2C51","1500Ø","","7"
"B2","B2-S2-2","NB","WF-B2C47","1500Ø","","7"
"B2","B2-S2-2","NB","WF-B2C46","1800Ø","","6"
"B2","B2-S1a","NB","WF-B2C24","2200Ø","","8"
"B2","B2-S1a","NB","WF-B2C33","2200Ø","","7"
"B2","B2-S1a","NB","WF-B2C34","2200Ø","","7"
"B2","B2-S1a","NB","WF-B2C18","1500Ø","","7"
"B2","B2-S1a","NB","WF-B2C25","2200Ø","","8"
"B2","B2-S10","NB","MK-B2C33","1200Ø","","3"
"B2","B2-S10","NB","MK-B2C34","1200Ø","","3"
"B2","B2-S10","NB","MK-B2C35","1200Ø","","3"
"B2","B2-S10","NB","MK-B2C18","1200Ø","","3"
"B2","B2-S10","NB","MK-B2C19","1200Ø","","3"
"B2","B2-S10","NB","MK-B2C20","1200Ø","","3"
"B2","B2-S10","NB","MK-B2C7","1200Ø","","3"
"B2","B2-S10","NB","MK-B2C8","1200Ø","","3"
"B2","B2-S10","NB","MK-B2C9","1200Ø","","3"
"B2","B2-S10","NB","MK-B2C2","1200Ø","","2"
"B2","B2-S10","NB","MK-B2C3","1200Ø","","3"
"B2","B2-S8","NB","MK-B2C70","1200Ø","","2"
"B2","B2-S8","NB","MK-B2C69","1200Ø","","2"
"B2","B2-S8","NB","MK-B2C68","1200Ø","","2"
"B2","B2-S8","NB","MK-B2C67","1200Ø","","2"
"B2","B2-S8","NB","MK-B2C66","1200Ø","","2"
"B2","B2-S8","NB","MK-B2C55","1200Ø","","2"
"B2","B2-S8","NB","MK-B2C56","1200Ø","","2"
"B2","B2-S8","NB","MK-B2C54","1200Ø","","2"
"B2","B2-S8","NB","MK-B2C53","1200Ø","","2"
"B2","B2-S8","NB","MK-B2C42","1200Ø","","2"
"B2","B2-S8","NB","MK-B2C43","1200Ø","","2"
"B2","B2-S8","NB","MK-B2C41","1200Ø","","2"
"B2","B2-S11","NB","MK-B2C25","1200Ø","","3"
"B2","B2-S11","NB","MK-B2C24","1200Ø","","3"
"B2","B2-S11","NB","MK-B2C22","1200Ø","","3"
"B2","B2-S11","NB","MK-B2C23","1200Ø","","3"
"B2","B2-S11","NB","MK-B2C21","1200Ø","","3"
"B2","B2-S11","NB","MK-B2C12","1200Ø","","3"
"B2","B2-S11","NB","MK-B2C11","1200Ø","","3"
"B2","B2-S11","NB","MK-B2C10","1200Ø","","3"
"B2","EB2-2.3","EB","CX15-CY43-1","1600Ø","","7"
"B2","EB2-2.3","EB","CX17-CY42-1","1500Ø","","7"
"B2","EB2-2.3","EB","CX14-CY43-1","1500Ø","","7"
"B2","EB2-2.3","EB","CX14-CY42","1500Ø","","7"
"B2","EB2-2.3","EB","CX15-CY41","1500Ø","","7"
"B2","EB2-2.3","EB","CX17-CY42","1500Ø","","7"
"B2","B2-S2a","NB","WF-B2C39","2200Ø","","7"
"B2","B2-S2a","NB","WF-B2C54","2200Ø","","7"
"B2","B2-S2a","NB","WF-B2C44","2200Ø","","7"
"B2","B2-S2a","NB","WF-B2C55","1800Ø","","2"
"B2","B2-S2a","NB","WF-B2C45","2200Ø","","7"
"B2","EB2-3.4","EB","CX14-CY41","1000Ø","","3"
"B2","B2-S14","NB","MK-B2C73","1200Ø","","3"
"B2","B2-S14","NB","MK-B2C72","1200Ø","","3"
"B2","B2-S14","NB","MK-B2C71","1200Ø","","2"
"B2","B2-S14","NB","MK-B2C57","1200Ø","","2"
"B2","B2-S14","NB","MK-B2C58","1200Ø","","3"
"B2","B2-S14","NB","MK-B2C59","1200Ø","","3"
"B2","B2-S14","NB","MK-B2C44","1200Ø","","2"
"B2","B2-S14","NB","MK-B2C45","1200Ø","","3"
"B2","B2-S14","NB","MK-B2C46","1200Ø","","3"
"B2","EB2-2.2","EB","CX18-CY43-1","2200Ø","","7"
"B2","EB2-2.2","EB","CX20-CY43-1","2200Ø","","7"
"B2","EB2-2.2","EB","CX20-CY42-1","2200Ø","","7"
"B2","EB2-2.2","EB","CX19-CY43-1","1500Ø","","7"
"B2","B2-S8a","NB","WF-B2C64","2200Ø","","7"
"B2","B2-S8a","NB","WF-B2C60","1000x1700","","2"
"B2","B2-S8a","NB","WF-B2C61","1500x1500","","6"
"B2","B2-S8a","NB","MK-B2C79","1200Ø","","2"
"B2","B2-S8a","NB","MK-B2C80","1200Ø","","2"
"B2","B2-S8a","NB","MK-B2C81","1200Ø","","2"
"B2","B2-S8a","NB","MK-B2C89","1200Ø","","2"
"B2","B2-S8a","NB","MK-B2C90","1200Ø","","2"
"B2","EB2-3.3","EB","CX15-CY40","1500Ø","","7"
"B2","EB2-3.3","EB","CX15-CY40-1","1500Ø","","7"
"B2","EB2-3.3","EB","CX17-CY41","1500Ø","","7"
"B2","EB2-3.3","EB","CX18-CY39","1800Ø","","7"
"B2","EB2-3.3","EB","CX16-CY39","1500Ø","","3"
"B2","EB2-3.3","EB","CX15-CY39","1500Ø","","7"
"B2","EB2-3.3","EB","CX18-CY38","1500Ø","","3"
"B2","B2-S13","NB","MK-B2C76","1500Ø","","3"
"B2","B2-S13","NB","MK-B2C75","1200Ø","","3"
"B2","B2-S13","NB","MK-B2C74","1200Ø","","3"
"B2","B2-S13","NB","MK-B2C60","1200Ø","","3"
"B2","B2-S13","NB","MK-B2C61","1200Ø","","3"
"B2","B2-S13","NB","MK-B2C62","1500Ø","","3"
"B2","B2-S13","NB","MK-B2C47","1200Ø","","3"
"B2","B2-S13","NB","MK-B2C48","1300Ø","","3"
"B2","B2-S13","NB","MK-B2C49","1500Ø","","3"
"B2","B2-S12","NB","MK-B2C88","1500Ø","","3"
"B2","B2-S12","NB","MK-B2C78","1500Ø","","3"
"B2","B2-S12","NB","MK-B2C77","1500Ø","","3"
"B2","B2-S12","NB","MK-B2C63","1500Ø","","3"
"B2","B2-S12","NB","MK-B2C64","1500Ø","","3"
"B2","B2-S12","NB","MK-B2C65","1500Ø","","3"
"B2","B2-S12","NB","MK-B2C52","1500Ø","","3"
"B2","B2-S12","NB","MK-B2C50","1500Ø","","3"
"B2","B2-S12","NB","MK-B2C50a","1500Ø","","3"
"B2","B2-S12","NB","MK-B2C51","1500Ø","","3"
"B2","B2-S12","NB","MK-B2C39","1500Ø","","3"
"B2","B2-S12","NB","MK-B2C26","1200x1200","","3"
"B2","B2-S12","NB","MK-B2C37","1200Ø","","3"
"B2","B2-S12","NB","MK-B2C36","1200Ø","","3"
"B2","EB2-2.1","EB","CX22-CY43-2","2200Ø","","7"
"B2","EB2-2.1","EB","CX24-CY44-1","2200Ø","","7"
"B2","EB2-2.1","EB","CX25-CY42-1","1000Ø","","2"
"B2","EB2-2.1","EB","CX25-CY42","1200x2000","","7"
"B2","EB2-2.1","EB","CX25-CY44","1500x1500","","7"
"B2","B2-S14a","NB","MK-B2C91","1200Ø","","2"
"B2","B2-S14a","NB","MK-B2C82","1200Ø","","2"
"B2","B2-S14a","NB","MK-B2C83","1200Ø","","3"
"B2","B2-S14a","NB","MK-B2C84","1200Ø","","3"
"B2","B2-S14a","NB","MK-B2C93","1200Ø","","3"
"B2","B2-S14a","NB","MK-B2C93a","1200Ø","","3"
"B2","B2-S14a","NB","MK-B2C92","1200Ø","","3"
"B2","EB2-3.2-2","EB","CX19-CY41","1500Ø","","7"
"B2","EB2-3.2-2","EB","CX19-CY39-2","1500Ø","","3"
"B2","EB2-3.2-2","EB","CX20-CY38-2","1500Ø","","3"
"B2","EB2-3.2-2","EB","CX20-CY38-1","1500Ø","","3"
"B2","EB2-3.2-2","EB","CX20-CY37","1000Ø","","3"
"B2","EB2-3.2-2","EB","CX19-CY39-1","1500Ø","","3"
"B2","EB2-1","EB","CX25-CY43-1","1500x1500","","7"
"B2","EB2-1","EB","CX26-CY44","1000Ø","","2"
"B2","EB2-1","EB","CX26-CY42","800Ø","","2"
"B2","EB2-1","EB","CX28-CY43","1600x2100","","1"
"B2","EB2-1","EB","CX29-CY43","1600x2100","","1"
"B2","EB2-1","EB","CX29-CY43-1","1600x2100","","1"
"B2","EB2-1","EB","CX29-CY44-1","1700x2200","","1"
"B2","EB2-1","EB","CX29-CY44","1600x2100","","1"
"B2","EB2-1","EB","CX28-CY44","800Ø","","1"
"B2","EB2-1","EB","CX28-CY43-1","1000Ø","","2"
"B2","EB2-1","EB","CX27-CY43-1","800Ø","","2"
"B2","EB2-1","EB","CX27-CY44","800Ø","","1"
"B2","EB2-1","EB","CX28-CY45-1","1200Ø","","1"
"B2","EB2-1","EB","CX29-CY46-1","1200Ø","","1"
"B2","EB2-1","EB","CX27-CY45-1","800Ø","","2"
"B2","EB2-1","EB","CX30-CY44-1","800Ø","","1"
"B2","B2-S13a","NB","MK-B2C94","1200Ø","","3"
"B2","B2-S13a","NB","MK-B2C94a","1200Ø","","3"
"B2","B2-S13a","NB","MK-B2C85","1200Ø","","3"
"B2","B2-S13a","NB","MK-B2C86","1200Ø","","3"
"B2","B2-S13a","NB","MK-B2C87","1500Ø","","3"
"B2","EB2-3.2-1","EB","CX21-CY38","2200Ø","","7"
"B2","EB2-3.2-1","EB","CX21-CY40","2200Ø","","7"
"B2","EB2-3.2-1","EB","CX21-CY41","2200Ø","","7"
"B2","EB2-3.1A-2","EB","CX22-CY37","1000Ø","","1"
"B2","EB2-3.1A-2","EB","CX23-CY37","1500x800","","2"
"B2","EB2-3.1A-1","EB","CX24-CY40","2200Ø","","7"
"B2","EB2-3.1A-1","EB","CX22-CY40","2200Ø","","7"
"B2","EB2-3.1A-1","EB","CX24-CY39","2200Ø","","7"
"B2","EB2-3.1A-1","EB","CX22-CY38","2200Ø","","7"
"B1","D-01","NB","WF-B2C21","1500Ø","","4"
"B1","D-01","NB","WF-B2C22","","","4"
"B1","D-01","NB","WF-B2C23","","","4"
"B1","D-01","NB","WF-B2C16","1000Ø","","4"
"B1","D-01","NB","WF-B2C9","1000Ø","","4"
"B1","D-01","NB","WF-B2C7","1000Ø","","4"
"B1","D-01","NB","WF-B1TC1","500Ø","","1"
"B1","D-01","NB","WF-B2C15","1000Ø","","4"
"B1","D-01","NB","WF-B2C14","1000Ø","","4"
"B1","D-01","NB","WF-B2C6","1000Ø","","4"
"B1","D-01","NB","WF-B1TC3","500Ø","","1"
"B1","D-01","NB","WF-B1TC2","500Ø","","1"
"B1","D-01","NB","WF-B1TC4","500Ø","","1"
"B1","E-01-1","NB","WF-B2C27","1500Ø","","8"
"B1","E-01-1","NB","WF-B2C28","1500Ø","","3"
"B1","E-01-2","NB","WF-B2C30","1500Ø","","8"
"B1","E-01-2","NB","WF-B2C29","2200Ø","","8"
"B1","E-01-2","NB","WF-B2C38","2200Ø","","8"
"B1","E-01-2","NB","WF-B2C32","2200Ø","","7"
"B1","E-01-2","NB","WF-B2C37","2200Ø","","7"
"B1","E-01-2","NB","WF-B2C31","2200Ø","","7"
"B1","E-01-2","NB","WF-B2C36","2200Ø","","7"
"B1","F-01-1","NB","WF-B2C53","2200Ø","","7"
"B1","F-01-1","NB","WF-B2C49","2200Ø","","7"
"B1","F-01-1","NB","WF-B2C43","2200Ø","","7"
"B1","F-01-1","NB","WF-B2C40","2200Ø","","7"
"B1","F-01-1","NB","WF-B2C48","2200Ø","","7"
"B1","F-01-1","NB","WF-B2C42","2200Ø","","7"
"B1","F-01-1","NB","WF-B2C47","1500Ø","","7"
"B1","D-02","NB","WF-B2C17","1500Ø","","4"
"B1","D-02","NB","WF-B2C10","1000Ø","","4"
"B1","D-02","NB","WF-B2C2","1000Ø","","4"
"B1","D-02","NB","WF-B2C1","1000Ø","","3"
"B1","D-02","NB","WF-B2C3","1000Ø","","3"
"B1","D-02","NB","WF-B2C3a","1000Ø","","4"
"B1","D-02","NB","WF-B2C11","1000Ø","","4"
"B1","D-02","NB","WF-B2C18","1500Ø","","7"
"B1","D-02","NB","WF-B2C19","1500Ø","","7"
"B1","D-02","NB","WF-B2C12","1000Ø","","4"
"B1","D-02","NB","WF-B2C4","1000Ø","","4"
"B1","D-02","NB","WF-B2C5","1000Ø","","4"
"B1","D-02","NB","WF-B2C13","1000Ø","","4"
"B1","D-02","NB","WF-B2C20","1500Ø","","7"
"B1","F-02-2","NB","WF-B2C59","2200Ø","","8"
"B1","F-02-2","NB","WF-B2C66","2200Ø","","7"
"B1","F-02-2","NB","WF-B2C63","2000Ø","","8"
"B1","F-01-2","NB","WF-B2C50","2200Ø","","7"
"B1","F-01-2","NB","WF-B2C58","1000x3700","","8"
"B1","F-01-2","NB","MK-B2C41","1200Ø","","2"
"B1","F-01-2","NB","WF-B2C51","1500Ø","","7"
"B1","F-01-2","NB","WF-B2C52","1000Ø","","2"
"B1","F-01-2","NB","WF-B2C57","1500x1500","","7"
"B1","C-02-1","NB","WF-B2C26","1500Ø","","8"
"B1","F-02-1","NB","MK-B2C14","1200Ø","","3"
"B1","F-02-1","NB","MK-B2C13","1200Ø","","3"
"B1","F-02-1","NB","WF-B2C65","1000x1500","","3"
"B1","C-02-2","NB","WF-B2C35","2200Ø","","7"
"B1","C-02-2","NB","WF-B2C25","2200Ø","","8"
"B1","C-02-2","NB","WF-B2C34","2200Ø","","7"
"B1","C-02-2","NB","WF-B2C33","2200Ø","","7"
"B1","C-02-2","NB","WF-B2C24","2200Ø","","8"
"B1","A-04","NB","MK-B2C15","1200Ø","","3"
"B1","A-04","NB","MK-B2C4","1200Ø","","3"
"B1","A-04","NB","MK-B2C5","1200Ø","","3"
"B1","A-04","NB","WF-B2C68","1200Ø","","3"
"B1","A-04","NB","WF-B2C69","3000x1200","","8"
"B1","A-04","NB","WF-B2C67","3000x1200","","8"
"B1","B-02","NB","MK-B2C17","1200Ø","","3"
"B1","B-02","NB","MK-B2C18","1200Ø","","3"
"B1","B-02","NB","MK-B2C6","1200Ø","","3"
"B1","B-02","NB","MK-B2C7","1200Ø","","3"
"B1","B-02","NB","MK-B2C1","1200Ø","","3"
"B1","B-02","NB","WF-B2C41","2200Ø","","7"
"B1","B-02","NB","MK-B2C3","1200Ø","","3"
"B1","B-02","NB","MK-B2C8","1200Ø","","3"
"B1","B-02","NB","MK-B2C19","1200Ø","","3"
"B1","EB1S2.4","EB","CX14-CY42","1500Ø","","7"
"B1","EB1S2.4","EB","CX13-CY41-1","1000Ø","","3"
"B1","EB1S2.4","EB","CX13-CY43-1","1000Ø","","3"
"B1","EB1S2.4","EB","CX12-CY42","1000Ø","","3"
"B1","EB1S2.4","EB","CX14-CY43-1","1500Ø","","7"
"B1","C-01b","NB","WF-B2C44","2200Ø","","7"
"B1","C-01b","NB","WF-B2C39","2200Ø","","7"
"B1","C-01b","NB","WF-B2C45","2200Ø","","7"
"B1","C-01b","NB","WF-B2C46","1800Ø","","6"
"B1","A-06","NB","MK-B2C29","1200Ø","","3"
"B1","A-06","NB","MK-B2C28","1200Ø","","3"
"B1","A-06","NB","MK-B2C43","1200Ø","","2"
"B1","A-06","NB","MK-B2C56","1200Ø","","2"
"B1","A-06","NB","MK-B2C55","1200Ø","","2"
"B1","A-06","NB","MK-B2C53","1200Ø","","2"
"B1","A-06","NB","MK-B2C40","1200Ø","","2"
"B1","A-06","NB","MK-B2C27","1200Ø","","2"
"B1","A-06","NB","MK-B2C42","1200Ø","","2"
"B1","B-03","NB","MK-B2C39","1500Ø","","3"
"B1","B-03","NB","MK-B2C25","1200Ø","","3"
"B1","B-03","NB","MK-B2C37","1200Ø","","3"
"B1","B-03","NB","MK-B2C36","1200Ø","","3"
"B1","B-03","NB","MK-B2C35","1200Ø","","3"
"B1","B-03","NB","MK-B2C23","1200Ø","","3"
"B1","B-03","NB","MK-B2C24","1200Ø","","3"
"B1","B-03","NB","MK-B2C22","1200Ø","","3"
"B1","B-03","NB","MK-B2C12","1200Ø","","3"
"B1","B-03","NB","MK-B2C11","1200Ø","","3"
"B1","B-03","NB","MK-B2C10","1200Ø","","3"
"B1","B-03","NB","MK-B2C9","1200Ø","","3"
"B1","B-03","NB","MK-B2C20","1200Ø","","3"
"B1","B-03","NB","MK-B2C21","1200Ø","","3"
"B1","B-03","NB","MK-B2C26","1300x1300","","3"
"B1","C-01a","NB","WF-B2C64","2200Ø","","7"
"B1","C-01a","NB","WF-B2C60","1000x1700","","2"
"B1","C-01a","NB","WF-B2C54","2200Ø","","7"
"B1","C-01a","NB","WF-B2C61","1500x1500","","6"
"B1","C-01a","NB","WF-B2C55","1800Ø","","2"
"B1","C-01a","NB","WF-B2C56","1500x1500","","7"
"B1","EB1S2.3","EB","CX15-CY43-1","1500Ø","","7"
"B1","EB1S2.3","EB","CX17-CY42-1","1500Ø","","7"
"B1","EB1S2.3","EB","CX15-CY41","1500Ø","","7"
"B1","EB1S2.3","EB","CX17-CY42","1500Ø","","7"
"B1","A-03","NB","MK-B2C57","1200Ø","","2"
"B1","A-03","NB","MK-B2C58","1200Ø","","3"
"B1","A-03","NB","MK-B2C44","1200Ø","","2"
"B1","A-03","NB","MK-B2C45","1200Ø","","3"
"B1","A-03","NB","MK-B2C30","1200Ø","","3"
"B1","A-03","NB","MK-B2C31","1200Ø","","3"
"B1","C-01a-1","NB","MK-B2C67","1200Ø","","2"
"B1","C-01a-1","NB","MK-B2C54","1200Ø","","2"
"B1","B-01","NB","MK-B2C59","1200Ø","","3"
"B1","B-01","NB","MK-B2C60","1200Ø","","3"
"B1","B-01","NB","MK-B2C46","1200Ø","","3"
"B1","B-01","NB","MK-B2C47","1200Ø","","3"
"B1","B-01","NB","MK-B2C32","1200Ø","","3"
"B1","B-01","NB","MK-B2C33","1200Ø","","3"
"B1","B-01","NB","MK-B2C34","1200Ø","","3"
"B1","B-01","NB","MK-B2C48","1200Ø","","3"
"B1","B-01","NB","MK-B2C61","1200Ø","","3"
"B1","A-05","NB","MK-B2C79","1200Ø","","2"
"B1","A-05","NB","MK-B2C80","1200Ø","","2"
"B1","A-05","NB","MK-B2C81","1200Ø","","2"
"B1","A-05","NB","MK-B2C66","1200Ø","","2"
"B1","A-05","NB","MK-B2C68","1200Ø","","2"
"B1","A-05","NB","MK-B2C69","1200Ø","","2"
"B1","A-05","NB","MK-B2C70","1200Ø","","2"
"B1","EB1S7","EB","CX14-CY41","1000Ø","","3"
"B1","EB1S7","EB","CX15-CY40","1500Ø","","7"
"B1","EB1S7","EB","CX15-CY40-1","1500Ø","","7"
"B1","EB1S7","EB","CX15-CY39","1500Ø","","7"
"B1","EB1S7","EB","CX16-CY39","1500Ø","","3"
"B1","EB1S2.2","EB","CX18-CY43-1","2200Ø","","7"
"B1","EB1S2.2","EB","CX20-CY43-1","1500Ø","","7"
"B1","EB1S2.2","EB","CX20-CY42-1","2200Ø","","7"
"B1","EB1S2.2","EB","CX19-CY43-1","","","7"
"B1","A-01","NB","MK-B2C82","1200Ø","","2"
"B1","A-01","NB","MK-B2C83","1200Ø","","3"
"B1","A-01","NB","MK-B2C71","1200Ø","","2"
"B1","A-01","NB","MK-B2C72","1200Ø","","3"
"B1","EB1S2.1","EB","CX24-CY44-1","2200Ø","","7"
"B1","EB1S2.1","EB","CX22-CY43-2","2200Ø","","7"
"B1","A-07","NB","MK-B2C94","1200Ø","","3"
"B1","A-07","NB","MK-B2C94a","1200Ø","","3"
"B1","A-07","NB","MK-B2C93a","1200Ø","","3"
"B1","A-07","NB","MK-B2C93","1200Ø","","3"
"B1","A-07","NB","MK-B2C92","1200Ø","","3"
"B1","A-07","NB","MK-B2C91","1200Ø","","2"
"B1","A-07","NB","MK-B2C90","1200Ø","","2"
"B1","A-07","NB","MK-B2C89","1200Ø","","2"
"B1","EB1S6","EB","CX21-CY41","2200Ø","","7"
"B1","EB1S6","EB","CX21-CY40","2200Ø","","7"
"B1","EB1S6","EB","CX17-CY41","1500Ø","","7"
"B1","EB1S6","EB","CX18-CY39","1800Ø","","7"
"B1","EB1S6","EB","CX19-CY39-2","1500Ø","","3"
"B1","EB1S6","EB","CX19-CY39-1","1500Ø","","3"
"B1","EB1S6","EB","CX19-CY41","1500Ø","","7"
"B1","B-04A","NB","MK-B2C63","1500Ø","","3"
"B1","B-04A","NB","MK-B2C50","1500Ø","","3"
"B1","B-04A","NB","MK-B2C62","1500Ø","","3"
"B1","B-04A","NB","MK-B2C49","1500Ø","","3"
"B1","A-02","NB","MK-B2C84","1200Ø","","3"
"B1","A-02","NB","MK-B2C85","1200Ø","","3"
"B1","A-02","NB","MK-B2C86","1200Ø","","3"
"B1","A-02","NB","MK-B2C73","1200Ø","","3"
"B1","A-02","NB","MK-B2C74","1200Ø","","3"
"B1","A-02","NB","MK-B2C75","1200Ø","","3"
"B1","EB1S1","EB","CX26-CY42","800Ø","","2"
"B1","EB1S1","EB","CX25-CY42","1200x2000","","7"
"B1","EB1S1","EB","CX25-CY42-1","1000Ø","","2"
"B1","EB1S1","EB","CX25-CY43-1","1500x1500","","7"
"B1","EB1S1","EB","CX25-CY44","1600x1600","","7"
"B1","EB1S1","EB","CX26-CY44","800Ø","","2"
"B1","EB1S1","EB","CX29-CY46","1200Ø","","1"
"B1","EB1S1","EB","CX28-CY44-1","1000Ø","","1"
"B1","EB1S1","EB","CX27-CY45-1","800Ø","","2"
"B1","EB1S1","EB","CX28-CY43-1","1000Ø","","2"
"B1","EB1S1","EB","CX27-CY43","800Ø","","1"
"B1","EB1S1","EB","CX27-CY43-1","800Ø","","2"
"B1","B-04","NB","MK-B2C87","1500Ø","","3"
"B1","B-04","NB","MK-B2C88","1500Ø","","3"
"B1","B-04","NB","MK-B2C78","1500Ø","","3"
"B1","B-04","NB","MK-B2C77","1500Ø","","3"
"B1","B-04","NB","MK-B2C76","1500Ø","","3"
"B1","B-04","NB","MK-B2C64","1500Ø","","3"
"B1","B-04","NB","MK-B2C65","1500Ø","","3"
"B1","B-04","NB","MK-B2C52","1500Ø","","3"
"B1","B-04","NB","MK-B2C51","1500Ø","","3"
"B1","B-04","NB","MK-B2C50a","1500Ø","","3"
"B1","EB1S8","EB","CX21-CY38","2200Ø","","7"
"B1","EB1S8","EB","CX22-CY38","2200Ø","","7"
"B1","EB1S8","EB","CX24-CY39","2200Ø","","7"
"B1","EB1S8","EB","CX18-CY38","1500Ø","","3"
"B1","EB1S8","EB","CX20-CY38-2","1500Ø","","3"
"B1","EB1S8","EB","CX20-CY38-1","1500Ø","","3"
"B1","EB1S8","EB","CX20-CY37","1000Ø","","3"
"B1","EB1S8","EB","CX22-CY37-1","1000Ø","","2"
"B1","EB1S8","EB","CX23-CY37","1700x1500","","2"
"B1","EB1S5","EB","CX24-CY40","2200Ø","","7"
"B1","EB1S5","EB","CX22-CY40","2200Ø","","7"
"B1M","S-7","NB","WF-B2C5","1000Ø","","4"
"B1M","S-7","NB","WF-B2C13","1000Ø","","4"
"B1M","S-7","NB","WF-B2C20","1500Ø","","7"
"B1M","S-7","NB","WF-B2C21","1500Ø","","4"
"B1M","S-7","NB","WF-B2C22","1000Ø","","4"
"B1M","S-7","NB","WF-B2C23","1000Ø","","4"
"B1M","S-7","NB","WF-B2C16","1000Ø","","4"
"B1M","S-7","NB","WF-B2C9","1000Ø","","4"
"B1M","S-7","NB","WF-B2C7","1000Ø","","4"
"B1M","S-7","NB","WF-B2C15","1000Ø","","4"
"B1M","S-7","NB","WF-B2C14","1000Ø","","4"
"B1M","S-7","NB","WF-B2C6","1000Ø","","4"
"B1M","S-6","NB","WF-B2C30","1500Ø","","8"
"B1M","S-6","NB","WF-B2C29","2200Ø","","8"
"B1M","S-6","NB","WF-B2C38","2200Ø","","8"
"B1M","S-6","NB","WF-B2C25","","","8"
"B1M","S-6","NB","WF-B2C24","2200Ø","","8"
"B1M","S-6","NB","WF-B2C27","1500Ø","","8"
"B1M","S-6","NB","WF-B2C26","1500Ø","","8"
"B1M","S-6","NB","WF-B2C28","1500Ø","","3"
"B1M","S-5","NB","WF-B2C53","2200Ø","","7"
"B1M","S-5","NB","WF-B2C58","1000x3700","","8"
"B1M","S-5","NB","WF-B2C66","2000Ø","","7"
"B1M","S-5","NB","WF-B2C67","3000x1200","","8"
"B1M","S-5","NB","MK-B2C14","1200Ø","","3"
"B1M","S-5","NB","MK-B2C13","1200Ø","","3"
"B1M","S-5","NB","MK-B2C29","1200Ø","","3"
"B1M","S-5","NB","MK-B2C28","1200Ø","","3"
"B1M","S-5","NB","WF-B2C65","1000x1500","","3"
"B1M","S-5","NB","WF-B2C63","2000Ø","","8"
"B1M","S-5","NB","WF-B2C59","2200Ø","","8"
"B1M","S-8","NB","WF-B2C17","1500Ø","","4"
"B1M","S-8","NB","WF-B2C10","1000Ø","","4"
"B1M","S-8","NB","WF-B2C2","1000Ø","","4"
"B1M","S-8","NB","WF-B2C3a","1000Ø","","4"
"B1M","S-8","NB","WF-B2C11","1000Ø","","4"
"B1M","S-8","NB","WF-B2C18","1500Ø","","7"
"B1M","S-8","NB","WF-B2C19","1500Ø","","7"
"B1M","S-8","NB","WF-B2C12","1000Ø","","4"
"B1M","S-8","NB","WF-B2C4","1000Ø","","4"
"B1M","S-4","NB","MK-B2C45","1200Ø","","3"
"B1M","S-4","NB","MK-B2C46","1200Ø","","3"
"B1M","S-4","NB","MK-B2C47","1200Ø","","3"
"B1M","S-4","NB","MK-B2C30","1200Ø","","3"
"B1M","S-4","NB","MK-B2C31","1200Ø","","3"
"B1M","S-4","NB","MK-B2C32","1200Ø","","3"
"B1M","S-4","NB","MK-B2C33","1200Ø","","3"
"B1M","S-4","NB","MK-B2C15","1200Ø","","3"
"B1M","S-4","NB","MK-B2C16","1200Ø","","2"
"B1M","S-4","NB","MK-B2C17","1200Ø","","3"
"B1M","S-4","NB","MK-B2C18","1200Ø","","3"
"B1M","S-4","NB","MK-B2C4","1200Ø","","3"
"B1M","S-4","NB","MK-B2C5","1200Ø","","3"
"B1M","S-4","NB","MK-B2C6","1200Ø","","3"
"B1M","S-4","NB","MK-B2C7","1200Ø","","3"
"B1M","S-4","NB","WF-B2C68","1200Ø","","3"
"B1M","S-4","NB","WF-B2C69","3000x1200","","8"
"B1M","S-4","NB","MK-B2C1","1200Ø","","3"
"B1M","S-4","NB","MK-B2C2","1200Ø","","2"
"B1M","S-3","NB","MK-B2C3","1200Ø","","3"
"B1M","S-3","NB","MK-B2C8","1200Ø","","3"
"B1M","S-3","NB","MK-B2C19","1200Ø","","3"
"B1M","S-3","NB","MK-B2C34","1200Ø","","3"
"B1M","S-3","NB","MK-B2C48","1300Ø","","3"
"B1M","S-3","NB","MK-B2C51","1500Ø","","3"
"B1M","S-3","NB","MK-B2C52","1500Ø","","3"
"B1M","S-3","NB","MK-B2C50a","1500Ø","","3"
"B1M","S-3","NB","MK-B2C39","1500Ø","","3"
"B1M","S-3","NB","MK-B2C25","1200Ø","","3"
"B1M","S-3","NB","MK-B2C37","1200Ø","","3"
"B1M","S-3","NB","MK-B2C36","1200Ø","","3"
"B1M","S-3","NB","MK-B2C50","1500Ø","","3"
"B1M","S-3","NB","MK-B2C49","1500Ø","","3"
"B1M","S-3","NB","MK-B2C35","1200Ø","","3"
"B1M","S-3","NB","MK-B2C23","1200Ø","","3"
"B1M","S-3","NB","MK-B2C24","1200Ø","","3"
"B1M","S-3","NB","MK-B2C22","1200Ø","","3"
"B1M","S-3","NB","MK-B2C12","1200Ø","","3"
"B1M","S-3","NB","MK-B2C11","1200Ø","","3"
"B1M","S-3","NB","MK-B2C10","1200Ø","","3"
"B1M","S-3","NB","MK-B2C9","1200Ø","","3"
"B1M","S-3","NB","MK-B2C20","1200Ø","","3"
"B1M","S-3","NB","MK-B2C21","1200Ø","","3"
"B1M","S-3","NB","MK-B2C26","1200x1200","","3"
"B1M","S-1","NB","MK-B2C94a","1200Ø","","3"
"B1M","S-1","NB","MK-B2C94","1200Ø","","3"
"B1M","S-1","NB","MK-B2C93","1200Ø","","3"
"B1M","S-1","NB","MK-B2C93a","1200Ø","","3"
"B1M","S-1","NB","MK-B2C92","1200Ø","","3"
"B1M","S-1","NB","MK-B2C83","1200Ø","","3"
"B1M","S-1","NB","MK-B2C84","1200Ø","","3"
"B1M","S-1","NB","MK-B2C85","1200Ø","","3"
"B1M","S-1","NB","MK-B2C72","1200Ø","","3"
"B1M","S-1","NB","MK-B2C73","1200Ø","","3"
"B1M","S-1","NB","MK-B2C74","1200Ø","","3"
"B1M","S-1","NB","MK-B2C58","1200Ø","","3"
"B1M","S-1","NB","MK-B2C59","1200Ø","","3"
"B1M","S-1","NB","MK-B2C60","1200Ø","","3"
"B1M","S-2","NB","MK-B2C86","1200Ø","","3"
"B1M","S-2","NB","MK-B2C87","1500Ø","","3"
"B1M","S-2","NB","MK-B2C88","1500Ø","","3"
"B1M","S-2","NB","MK-B2C78","1500Ø","","3"
"B1M","S-2","NB","MK-B2C77","1500Ø","","3"
"B1M","S-2","NB","MK-B2C76","1500Ø","","3"
"B1M","S-2","NB","MK-B2C61","1200Ø","","3"
"B1M","S-2","NB","MK-B2C75","1200Ø","","3"
"B1M","S-2","NB","MK-B2C63","1500Ø","","3"
"B1M","S-2","NB","MK-B2C64","1500Ø","","3"
"B1M","S-2","NB","MK-B2C65","1500Ø","","3"
"B1M","S-2","NB","MK-B2C62","1500Ø","","3"
"L1","ZC1","MA","WF-1C75","","","1"
"L1","SLAB 11A","NB","WF-B2C6","1000Ø","","4"
"L1","SLAB 11A","NB","WF-B2C7","1000Ø","","4"
"L1","SLAB 11A","NB","WF-B2C9","1000Ø","","4"
"L1","SLAB 11B","NB","WF-B2C21","1500Ø","","4"
"L1","SLAB 11B","NB","WF-B2C14","1000Ø","","4"
"L1","SLAB 11B","NB","WF-B2C15","1000Ø","","4"
"L1","SLAB 11B","NB","WF-B2C22","1000Ø","","4"
"L1","SLAB 11B","NB","WF-B2C23","1000Ø","","4"
"L1","SLAB 11B","NB","WF-B2C16","1000Ø","","4"
"L1","SLAB 12-2","NB","WF-B2C38","2200Ø","","8"
"L1","SLAB 12-2","NB","WF-B2C29","2200Ø","","8"
"L1","SLAB 12-2","NB","WF-B2C30","1500Ø","","8"
"L1","SLAB 13 (F01-1)","NB","WF-B2C43","2200Ø","","7"
"L1","SLAB 13 (F01-1)","NB","WF-B2C42","2200Ø","","7"
"L1","SLAB 13 (F01-1)","NB","WF-B2C49","2200Ø","","7"
"L1","SLAB 13 (F01-1)","NB","WF-B2C48","2200Ø","","7"
"L1","SLAB 13 (F01-1)","NB","WF-B2C41","2200Ø","","7"
"L1","M-SLAB 5","NB","WF-1C47","1500Ø","","5"
"L1","SLAB 9A","NB","WF-B2C2","1000Ø","","4"
"L1","SLAB 9A","NB","WF-B2C1","1000Ø","","3"
"L1","SLAB 9A","NB","WF-B2C3","1000Ø","","3"
"L1","SLAB 9A","NB","WF-B2C3a","1000Ø","","4"
"L1","SLAB 9A","NB","WF-B2C4","1000Ø","","4"
"L1","SLAB 9A","NB","WF-B2C5","1000Ø","","4"
"L1","SLAB 8A-1","NB","WF-B2C27","1500Ø","","8"
"L1","SLAB 9B","NB","WF-1C17a","1500Ø","","1"
"L1","SLAB 9B","NB","WF-B2C17","1500Ø","","4"
"L1","SLAB 9B","NB","WF-B2C10","1000Ø","","4"
"L1","SLAB 9B","NB","WF-B2C11","1000Ø","","4"
"L1","SLAB 9B","NB","WF-B2C18","1500Ø","","7"
"L1","SLAB 9B","NB","WF-B2C19","1500Ø","","7"
"L1","SLAB 9B","NB","WF-B2C20","1500Ø","","7"
"L1","SLAB 9B","NB","WF-B2C12","1000Ø","","4"
"L1","SLAB 9B","NB","WF-B2C13","1000Ø","","4"
"L1","SLAB 8A-2","NB","WF-B2C31","2200Ø","","7"
"L1","SLAB 8A-2","NB","WF-B2C36","2200Ø","","7"
"L1","SLAB 8A-2","NB","WF-B2C32","2200Ø","","7"
"L1","SLAB 8A-2","NB","WF-B2C37","2200Ø","","7"
"L1","SLAB 10-2","NB","WF-B2C59","2200Ø","","8"
"L1","SLAB 10-2","NB","WF-B2C58","1000X3700","","8"
"L1","SLAB 10-2","NB","WF-B2C63","2000Ø","","8"
"L1","SLAB 13 (F01-2)","NB","WF-B2C50","2200Ø","","7"
"L1","SLAB 10-1","NB","WF-B2C67","1200X3000","","8"
"L1","SLAB 8-1","NB","WF-B2C26","1500Ø","","8"
"L1","SLAB 2B","NB","WF-B2C69","1200X3000","","8"
"L1","SLAB 7-2","NB","WF-B2C44","2200Ø","","7"
"L1","SLAB 7-2","NB","WF-B2C39","2200Ø","","7"
"L1","SLAB 7-2","NB","WF-B2C40","2200Ø","","7"
"L1","SLAB 8-2","NB","WF-B2C33","2200Ø","","7"
"L1","SLAB 8-2","NB","WF-B2C24","2200Ø","","8"
"L1","SLAB 8-2","NB","WF-B2C34","2200Ø","","7"
"L1","SLAB 8-2","NB","WF-B2C25","2200Ø","","8"
"L1","SLAB 8-2","NB","WF-B2C35","2200Ø","","7"
"L1","SLAB 7-1","NB","WF-B2C47","1500Ø","","7"
"L1","SLAB B-2.4","EB","CX14-CY42","1500Ø","","7"
"L1","SLAB B-2.4","EB","CX13-CY41-1","1000Ø","","3"
"L1","SLAB B-2.4","EB","CX14-CY43-1","1500Ø","","7"
"L1","SLAB B-2.4","EB","CX13-CY43-1","1000Ø","","3"
"L1","SLAB B-2.4","EB","CX12-CY42","1000Ø","","3"
"L1","SLAB 7-3","NB","WF-1C104","1500Ø","","5"
"L1","SLAB 7-3","NB","WF-B2C51","1500Ø","","7"
"L1","SLAB 7-3","NB","WF-B2C57","1500X1500","","7"
"L1","SLAB 7-3","NB","WF-B2C56","1500x1500","","7"
"L1","SLAB B-2.3","EB","CX17-CY42-1","1500Ø","","7"
"L1","SLAB B-2.3","EB","CX15-CY43-1","1500Ø","","7"
"L1","SLAB B-2.3","EB","CX17-CY42","1500Ø","","7"
"L1","SLAB B-2.3","EB","CX15-CY41","1500Ø","","7"
"L1","SLAB 7-4","NB","WF-B2C54","2200Ø","","7"
"L1","SLAB 7-4","NB","WF-B2C45","2200Ø","","7"
"L1","SLAB B-3.3","EB","CX19-CY39-2","1500Ø","","3"
"L1","SLAB B-3.3","EB","CX18-CY39","1500Ø","","7"
"L1","SLAB B-3.3","EB","CX16-CY39","1500Ø","","3"
"L1","SLAB B-3.3","EB","CX15-CY39","1500Ø","","7"
"L1","SLAB B-3.3","EB","CX15-CY40","1500Ø","","7"
"L1","SLAB B-3.3","EB","CX15-CY40-1","1500Ø","","7"
"L1","SLAB B-3.3","EB","CX17-CY41","1500Ø","","7"
"L1","SLAB B-3.3","EB","CX14-CY41","1000Ø","","3"
"L1","SLAB B-2.2","EB","CX20-CY42-1","2200Ø","","7"
"L1","SLAB B-2.2","EB","CX18-CY43-1","2200Ø","","7"
"L1","SLAB B-2.2","EB","CX20-CY43-1","2200Ø","","7"
"L1","SLAB B-2.2","EB","CX19-CY43-1","1500Ø","","7"
"L1","SLAB 2D","NB","WF-B2C64","2200Ø","","7"
"L1","SLAB B-2.1","EB","CX25-CY42","1200x2000","","7"
"L1","SLAB B-2.1","EB","CX25-CY43-1","1500X1500","","7"
"L1","SLAB B-2.1","EB","CX25-CY44","1500X1500","","7"
"L1","SLAB B-2.1","EB","CX22-CY43-2","2200Ø","","7"
"L1","SLAB B-2.1","EB","CX24-CY44-1","2200Ø","","7"
"L1","SLAB B-3.2","EB","CX21-CY40","2200Ø","","7"
"L1","SLAB B-3.2","EB","CX22-CY40","2200Ø","","7"
"L1","SLAB B-3.2","EB","CX21-CY41","2200Ø","","7"
"L1","SLAB B-3.2","EB","CX19-CY39-1","1500Ø","","3"
"L1","SLAB B-3.2","EB","CX19-CY39","1500Ø","","5"
"L1","SLAB B-3.2","EB","CX19-CY41","1500Ø","","7"
"L1","SLAB B-3.5","EB","CX20-CY38-2","1500Ø","","3"
"L1","SLAB B-3.5","EB","CX18-CY38","1500Ø","","3"
"L1","SLAB B-3.4","EB","CX21-CY38","2200Ø","","7"
"L1","SLAB B-3.4","EB","CX20-CY38","1500Ø","","5"
"L1","SLAB B-3.4","EB","CX20-CY38-1","1500Ø","","3"
"L1","SLAB B-3.4","EB","CX22-CY38","2200Ø","","7"
"L1","SLAB B-3.4","EB","CX24-CY39","2200Ø","","7"
"L1","SLAB B-3.4","EB","CX20-CY37","1000Ø","","3"
"L1","SLAB B-3.4","EB","CX22-CY37-1","1000Ø","","2"
"L1","SLAB B-3.4","EB","CX23-CY37-1","1500X800","","1"
"L1","SLAB B-3.1","EB","CX24-CY40","2200Ø","","7"
"L2","3.4","MA","WF-1C79","1500Ø","","4"
"L2","3.4","MA","WF-1C88","1500Ø","","4"
"L2","3.4","MA","WF-1C97","1500Ø","","4"
"L2","3.4","MA","WF-1C78","1500Ø","","3"
"L2","3.2","MA","WF-1C70","1500Ø","","3"
"L2","3.2","MA","WF-1C55","1500Ø","","3"
"L2","3.2","MA","WF-1C71","1500Ø","","3"
"L2","3.2","MA","WF-1C63","1500Ø","","3"
"L2","1.2","MA","WF-B2C53","2200Ø","","7"
"L2","1.2","MA","WF-1C39","1500Ø","","4"
"L2","1.2","MA","WF-1C43","1500Ø","","3"
"L2","1.2","MA","WF-1C38","1500Ø","","3"
"L2","1.2","MA","WF-1C33","1500Ø","","3"
"L2","1.2","MA","WF-1C49","1500Ø","","3"
"L2","1.2","MA","WF-1C30","1500Ø","","3"
"L2","1.2","MA","WF-1C31","1500Ø","","3"
"L2","1.2","MA","WF-1C44","1500Ø","","4"
"L2","1.2","MA","WF-1C34","1500Ø","","4"
"L2","3.4T","MA","WF-1C89","2200Ø","","4"
"L2","3.4T","MA","WF-1C98","2200Ø","","4"
"L2","3.2T","MA","WF-1C56","2200Ø","","4"
"L2","1.2T","MA","WF-1C36","2200Ø","","4"
"L2","1.2T","MA","WF-1C35","2200Ø","","4"
"L2","1.2T","MA","WF-1C40","2200Ø","","4"
"L2","1.2T","MA","WF-1C45","2200Ø","","4"
"L2","1.2T","MA","WF-1C51","2200Ø","","4"
"L2","1.2T","MA","WF-1C52","2200Ø","","4"
"L2","1.2T","MA","WF-1C46","2200Ø","","4"
"L2","1.2T","MA","WF-1C41","2200Ø","","4"
"L2","1.2T","MA","WF-1C50","2200Ø","","4"
"L2","1.1","MA","WF-1C23","1500Ø","","3"
"L2","1.1","MA","WF-1C28","1500Ø","","3"
"L2","1.1","MA","WF-1C25","1500Ø","","3"
"L2","1.1","MA","WF-1C24","1500Ø","","3"
"L2","1.1","MA","WF-1C27","1500Ø","","3"
"L2","3.3CIST","MA","WF-1C81","2200Ø","","4"
"L2","3.3CIST","MA","WF-1C99","2200Ø","","4"
"L2","3.3CIST","MA","WF-1C100","2200Ø","","4"
"L2","3.3CIST","MA","WF-1C90","2200Ø","","4"
"L2","3.3CIST","MA","WF-1C91","2200Ø","","4"
"L2","3.3CIST","MA","WF-1C92","2200Ø","","4"
"L2","3.3T","MA","WF-1C80","2200Ø","","4"
"L2","3.1T","MA","WF-1C57","2200Ø","","4"
"L2","3.1T","MA","WF-1C58","2200Ø","","4"
"L2","3.1T","MA","WF-1C65","2200Ø","","4"
"L2","3.1T","MA","WF-1C73","2200Ø","","4"
"L2","3.1T","MA","WF-1C72","1500Ø","","4"
"L2","3.1T","MA","WF-1C64","1500Ø","","4"
"L2","2.4T","NB","WF-B2C32","2200Ø","","7"
"L2","2.4T","NB","WF-B2C37","2200Ø","","7"
"L2","2.4T","NB","WF-B2C29","2200Ø","","8"
"L2","2.4T","NB","WF-B2C38","2200Ø","","8"
"L2","2.4T","NB","WF-B2C30","2200Ø","","8"
"L2","2.3T","NB","WF-B2C41","2200Ø","","7"
"L2","2.3T","NB","WF-B2C42","2200Ø","","7"
"L2","2.3T","NB","WF-B2C48","2200Ø","","7"
"L2","2.3T","NB","WF-B2C43","2200Ø","","7"
"L2","2.3T","NB","WF-B2C49","2200Ø","","7"
"L2","2.6CIST","NB","WF-B2C63","2000Ø","","8"
"L2","2.6CIST","NB","WF-B2C66","2200Ø","","7"
"L2","3.1CIST","MA","WF-1C83","1200x3000","","4"
"L2","3.1CIST","MA","WF-1C74","1200x3000","","4"
"L2","3.1CIST","MA","WF-1C67","1200x3000","","4"
"L2","3.1CIST","MA","WF-1C82","2200Ø","","4"
"L2","3.1CIST","MA","WF-1C66","2200Ø","","4"
"L2","3.1CIST","MA","WF-1C59","2200Ø","","4"
"L2","3.1CIST","MA","WF-1C60","1200x3000","","4"
"L2","2.2","NB","WF-B2C27","1500Ø","","8"
"L2","2.2","NB","WF-B2C20","1500Ø","","7"
"L2","2.2","NB","WF-B2C19","1500Ø","","7"
"L2","2.2","NB","WF-B2C26","1500Ø","","8"
"L2","2.2","NB","WF-B2C18","1500Ø","","7"
"L2","2.6CIS","NB","WF-1C53","2200Ø","","4"
"L2","2.6CIS","NB","WF-1C47","1500Ø","","5"
"L2","2.6CIS","NB","WF-B2C67","1200X3000","","8"
"L2","2.6CIS","NB","WF-B2C69","1200X3000","","8"
"L2","2.3CIST","NB","WF-B2C50","2200Ø","","7"
"L2","2.3CIST","NB","WF-B2C58","1000X3700","","8"
"L2","2.3CIST","NB","WF-B2C59","2200Ø","","8"
"L2","2.2T","NB","WF-B2C24","2200Ø","","8"
"L2","2.2T","NB","WF-B2C33","2200Ø","","7"
"L2","2.2T","NB","WF-B2C25","2200Ø","","8"
"L2","2.2T","NB","WF-B2C34","2200Ø","","7"
"L2","2.2T","NB","WF-B2C35","2200Ø","","7"
"L2","2.2T","NB","WF-B2C36","2200Ø","","7"
"L2","2.2T","NB","WF-B2C31","2200Ø","","7"
"L2","2.1T","NB","WF-B2C39","2200Ø","","7"
"L2","2.1T","NB","WF-B2C44","2200Ø","","7"
"L2","2.1T","NB","WF-B2C40","2200Ø","","7"
"L2","2.1","NB","WF-B2C46","1500Ø","","6"
"L2","2.1","NB","WF-B2C47","1500Ø","","7"
"L2","2.1CIS","NB","WF-1C104","1500Ø","","5"
"L2","2.1CIS","NB","WF-B2C57","1500X1500","","7"
"L2","2.1CIS","NB","WF-B2C56","1500X1500","","7"
"L2","2.1CIS","NB","WF-B2C61","1500X1500","","6"
"L2","2.1CIS","NB","WF-B2C51","1500Ø","","7"
"L2","4.2","EB","CX14-CY42","1500Ø","","7"
"L2","4.2","EB","CX15-CY41","1500Ø","","7"
"L2","4.2","EB","CX17-CY42","1500Ø","","7"
"L2","4.2","EB","CX14-CY43-1","1500Ø","","7"
"L2","4.2T","EB","CX17-CY42-1","1500Ø","","7"
"L2","4.2T","EB","CX15-CY43-1","1500Ø","","7"
"L2","2.1CIST","NB","WF-B2C45","2200Ø","","7"
"L2","2.1CIST","NB","WF-B2C54","2200Ø","","7"
"L2","4.1","EB","CX20-CY42-1","2200Ø","","7"
"L2","4.1","EB","CX18-CY43-1","2200Ø","","7"
"L2","4.1","EB","CX19-CY43-1","2200Ø","","7"
"L2","4.4","EB","CX18-CY39","1500Ø","","7"
"L2","4.4","EB","CX15-CY39","1500Ø","","7"
"L2","4.4","EB","CX17-CY41","1500Ø","","7"
"L2","4.4","EB","CX15-CY40-1","1500Ø","","7"
"L2","4.4","EB","CX15-CY40","1500Ø","","7"
"L2","4.1CIST","EB","CX20-CY43-1","2200Ø","","7"
"L2","4.1CIST","EB","CX22-CY43-2","2200Ø","","7"
"L2","4.1CIST","EB","CX24-CY44-1","2200Ø","","7"
"L2","4.1CIST","EB","WF-B2C64","2200Ø","","7"
"L2","4.1CIST","EB","CX25-CY42","1200X2000","","7"
"L2","4.1CIST","EB","CX25-CY43-1","1500X1500","","7"
"L2","4.1CIST","EB","CX25-CY44","1500X1500","","7"
"L2","4.3T","EB","CX21-CY38","2200Ø","","7"
"L2","4.3T","EB","CX22-CY38","2200Ø","","7"
"L2","4.3T","EB","CX21-CY40","2200Ø","","7"
"L2","4.3T","EB","CX21-CY41","2200Ø","","7"
"L2","4.3T","EB","CX19-CY41","1500Ø","","7"
"L2","4.3T","EB","CX19-CY39","1500Ø","","5"
"L2","4.3T","EB","CX20-CY38","1500Ø","","5"
"L2","4.3CIST","EB","CX24-CY39","2200Ø","","7"
"L2","4.3CIST","EB","CX22-CY40","2200Ø","","7"
"L2","4.3CIST","EB","CX24-CY40","2200Ø","","7"
"L3","3.4","MA","WF-1C79","1500Ø","","4"
"L3","3.4","MA","WF-1C88","1500Ø","","4"
"L3","3.4","MA","WF-1C97","1500Ø","","4"
"L3","3.4","MA","WF-1C78","1500Ø","","3"
"L3","3.2","MA","WF-1C70","1500Ø","","3"
"L3","3.2","MA","WF-1C55","1500Ø","","3"
"L3","3.2","MA","WF-1C71","1500Ø","","3"
"L3","3.2","MA","WF-1C63","1500Ø","","3"
"L3","1.2","MA","WF-B2C53","2200Ø","","7"
"L3","1.2","MA","WF-1C39","1500Ø","","4"
"L3","1.2","MA","WF-1C43","1500Ø","","3"
"L3","1.2","MA","WF-1C38","1500Ø","","3"
"L3","1.2","MA","WF-1C33","1500Ø","","3"
"L3","1.2","MA","WF-1C49","1500Ø","","3"
"L3","1.2","MA","WF-1C30","1500Ø","","3"
"L3","1.2","MA","WF-1C31","1500Ø","","3"
"L3","1.2","MA","WF-1C44","1500Ø","","4"
"L3","1.2","MA","WF-1C34","1500Ø","","4"
"L3","3.4T","MA","WF-1C89","2200Ø","","4"
"L3","3.4T","MA","WF-1C98","2200Ø","","4"
"L3","3.2T","MA","WF-1C56","2200Ø","","4"
"L3","1.2T","MA","WF-1C36","2200Ø","","4"
"L3","1.2T","MA","WF-1C35","2200Ø","","4"
"L3","1.2T","MA","WF-1C40","2200Ø","","4"
"L3","1.2T","MA","WF-1C45","2200Ø","","4"
"L3","1.2T","MA","WF-1C51","2200Ø","","4"
"L3","1.2T","MA","WF-1C52","2200Ø","","4"
"L3","1.2T","MA","WF-1C46","2200Ø","","4"
"L3","1.2T","MA","WF-1C41","2200Ø","","4"
"L3","1.2T","MA","WF-1C50","2200Ø","","4"
"L3","1.1","MA","WF-1C23","1500Ø","","3"
"L3","1.1","MA","WF-1C28","1500Ø","","3"
"L3","1.1","MA","WF-1C25","1500Ø","","3"
"L3","1.1","MA","WF-1C24","1500Ø","","3"
"L3","1.1","MA","WF-1C27","1500Ø","","3"
"L3","3.3CIST","MA","WF-1C81","2200Ø","","4"
"L3","3.3CIST","MA","WF-1C99","2200Ø","","4"
"L3","3.3CIST","MA","WF-1C100","2200Ø","","4"
"L3","3.3CIST","MA","WF-1C90","2200Ø","","4"
"L3","3.3CIST","MA","WF-1C91","2200Ø","","4"
"L3","3.3CIST","MA","WF-1C92","2200Ø","","4"
"L3","3.3T","MA","WF-1C80","2200Ø","","4"
"L3","3.1T","MA","WF-1C57","2200Ø","","4"
"L3","3.1T","MA","WF-1C58","2200Ø","","4"
"L3","3.1T","MA","WF-1C65","2200Ø","","4"
"L3","3.1T","MA","WF-1C73","2200Ø","","4"
"L3","3.1T","MA","WF-1C72","1500Ø","","4"
"L3","3.1T","MA","WF-1C64","1500Ø","","4"
"L3","2.4T","NB","WF-B2C32","2200Ø","","7"
"L3","2.4T","NB","WF-B2C37","2200Ø","","7"
"L3","2.4T","NB","WF-B2C29","2200Ø","","8"
"L3","2.4T","NB","WF-B2C38","2200Ø","","8"
"L3","2.4T","NB","WF-B2C30","2200Ø","","8"
"L3","2.3T","NB","WF-B2C41","2200Ø","","7"
"L3","2.3T","NB","WF-B2C42","2200Ø","","7"
"L3","2.3T","NB","WF-B2C48","2200Ø","","7"
"L3","2.3T","NB","WF-B2C43","2200Ø","","7"
"L3","2.3T","NB","WF-B2C49","2200Ø","","7"
"L3","2.6CIST","NB","WF-B2C63","2000Ø","","8"
"L3","2.6CIST","NB","WF-B2C66","2200Ø","","7"
"L3","3.1CIST","MA","WF-1C83","1200x3000","","4"
"L3","3.1CIST","MA","WF-1C74","1200x3000","","4"
"L3","3.1CIST","MA","WF-1C67","1200x3000","","4"
"L3","3.1CIST","MA","WF-1C82","2200Ø","","4"
"L3","3.1CIST","MA","WF-1C66","2200Ø","","4"
"L3","3.1CIST","MA","WF-1C59","2200Ø","","4"
"L3","3.1CIST","MA","WF-1C60","1200x3000","","4"
"L3","2.2","NB","WF-B2C27","1500Ø","","8"
"L3","2.2","NB","WF-B2C20","1500Ø","","7"
"L3","2.2","NB","WF-B2C19","1500Ø","","7"
"L3","2.2","NB","WF-B2C26","1500Ø","","8"
"L3","2.2","NB","WF-B2C18","1500Ø","","7"
"L3","2.6CIS","NB","WF-1C53","2200Ø","","4"
"L3","2.6CIS","NB","WF-1C47","1500Ø","","5"
"L3","2.6CIS","NB","WF-B2C67","1200X3000","","8"
"L3","2.6CIS","NB","WF-B2C69","1200X3000","","8"
"L3","2.3CIST","NB","WF-B2C50","2200Ø","","7"
"L3","2.3CIST","NB","WF-B2C58","1000X3700","","8"
"L3","2.3CIST","NB","WF-B2C59","2200Ø","","8"
"L3","2.2T","NB","WF-B2C24","2200Ø","","8"
"L3","2.2T","NB","WF-B2C33","2200Ø","","7"
"L3","2.2T","NB","WF-B2C25","2200Ø","","8"
"L3","2.2T","NB","WF-B2C34","2200Ø","","7"
"L3","2.2T","NB","WF-B2C35","2200Ø","","7"
"L3","2.2T","NB","WF-B2C36","2200Ø","","7"
"L3","2.2T","NB","WF-B2C31","2200Ø","","7"
"L3","2.1T","NB","WF-B2C39","2200Ø","","7"
"L3","2.1T","NB","WF-B2C44","2200Ø","","7"
"L3","2.1T","NB","WF-B2C40","2200Ø","","7"
"L3","2.1","NB","WF-B2C46","1500Ø","","6"
"L3","2.1","NB","WF-B2C47","1500Ø","","7"
"L3","2.1CIS","NB","WF-1C104","1500Ø","","5"
"L3","2.1CIS","NB","WF-B2C57","1500X1500","","7"
"L3","2.1CIS","NB","WF-B2C56","1500X1500","","7"
"L3","2.1CIS","NB","WF-B2C61","1500X1500","","6"
"L3","2.1CIS","NB","WF-B2C51","1500Ø","","7"
"L3","4.2","EB","CX14-CY42","1500Ø","","7"
"L3","4.2","EB","CX15-CY41","1500Ø","","7"
"L3","4.2","EB","CX17-CY42","1500Ø","","7"
"L3","4.2","EB","CX14-CY43-1","1500Ø","","7"
"L3","4.2T","EB","CX17-CY42-1","1500Ø","","7"
"L3","4.2T","EB","CX15-CY43-1","1500Ø","","7"
"L3","2.1CIST","NB","WF-B2C45","2200Ø","","7"
"L3","2.1CIST","NB","WF-B2C54","2200Ø","","7"
"L3","4.1","EB","CX20-CY42-1","2200Ø","","7"
"L3","4.1","EB","CX18-CY43-1","2200Ø","","7"
"L3","4.1","EB","CX19-CY43-1","2200Ø","","7"
"L3","4.4","EB","CX18-CY39","1500Ø","","7"
"L3","4.4","EB","CX15-CY39","1500Ø","","7"
"L3","4.4","EB","CX17-CY41","1500Ø","","7"
"L3","4.4","EB","CX15-CY40-1","1500Ø","","7"
"L3","4.4","EB","CX15-CY40","1500Ø","","7"
"L3","4.1CIST","EB","CX20-CY43-1","2200Ø","","7"
"L3","4.1CIST","EB","CX22-CY43-2","2200Ø","","7"
"L3","4.1CIST","EB","CX24-CY44-1","2200Ø","","7"
"L3","4.1CIST","EB","WF-B2C64","2200Ø","","7"
"L3","4.1CIST","EB","CX25-CY42","1200X2000","","7"
"L3","4.1CIST","EB","CX25-CY43-1","1500X1500","","7"
"L3","4.1CIST","EB","CX25-CY44","1500X1500","","7"
"L3","4.3T","EB","CX21-CY38","2200Ø","","7"
"L3","4.3T","EB","CX22-CY38","2200Ø","","7"
"L3","4.3T","EB","CX21-CY40","2200Ø","","7"
"L3","4.3T","EB","CX21-CY41","2200Ø","","7"
"L3","4.3T","EB","CX19-CY41","1500Ø","","7"
"L3","4.3T","EB","CX19-CY39","1500Ø","","5"
"L3","4.3T","EB","CX20-CY38","1500Ø","","5"
"L3","4.3CIST","EB","CX24-CY39","2200Ø","","7"
"L3","4.3CIST","EB","CX22-CY40","2200Ø","","7"
"L3","4.3CIST","EB","CX24-CY40","2200Ø","","7"
"L4","3.4","MA","WF-1C79","1500Ø","","4"
"L4","3.4","MA","WF-1C88","1500Ø","","4"
"L4","3.4","MA","WF-1C97","1500Ø","","4"
"L4","3.4","MA","WF-1C78","1500Ø","","3"
"L4","3.2","MA","WF-1C70","1500Ø","","3"
"L4","3.2","MA","WF-1C55","1500Ø","","3"
"L4","3.2","MA","WF-1C71","1500Ø","","3"
"L4","3.2","MA","WF-1C63","1500Ø","","3"
"L4","1.2","MA","WF-B2C53","2200Ø","","7"
"L4","1.2","MA","WF-1C39","1500Ø","","4"
"L4","1.2","MA","WF-1C43","1500Ø","","3"
"L4","1.2","MA","WF-1C38","1500Ø","","3"
"L4","1.2","MA","WF-1C33","1500Ø","","3"
"L4","1.2","MA","WF-1C49","1500Ø","","3"
"L4","1.2","MA","WF-1C30","1500Ø","","3"
"L4","1.2","MA","WF-1C31","1500Ø","","3"
"L4","1.2","MA","WF-1C44","1500Ø","","4"
"L4","1.2","MA","WF-1C34","1500Ø","","4"
"L4","3.4T","MA","WF-1C89","2200Ø","","4"
"L4","3.4T","MA","WF-1C98","2200Ø","","4"
"L4","3.2T","MA","WF-1C56","2200Ø","","4"
"L4","1.2T","MA","WF-1C36","2200Ø","","4"
"L4","1.2T","MA","WF-1C35","2200Ø","","4"
"L4","1.2T","MA","WF-1C40","2200Ø","","4"
"L4","1.2T","MA","WF-1C45","2200Ø","","4"
"L4","1.2T","MA","WF-1C51","2200Ø","","4"
"L4","1.2T","MA","WF-1C52","2200Ø","","4"
"L4","1.2T","MA","WF-1C46","2200Ø","","4"
"L4","1.2T","MA","WF-1C41","2200Ø","","4"
"L4","1.2T","MA","WF-1C50","2200Ø","","4"
"L4","1.1","MA","WF-1C23","1500Ø","","3"
"L4","1.1","MA","WF-1C28","1500Ø","","3"
"L4","1.1","MA","WF-1C25","1500Ø","","3"
"L4","1.1","MA","WF-1C24","1500Ø","","3"
"L4","1.1","MA","WF-1C27","1500Ø","","3"
"L4","3.3CIST","MA","WF-1C81","2200Ø","","4"
"L4","3.3CIST","MA","WF-1C99","2200Ø","","4"
"L4","3.3CIST","MA","WF-1C100","2200Ø","","4"
"L4","3.3CIST","MA","WF-1C90","2200Ø","","4"
"L4","3.3CIST","MA","WF-1C91","2200Ø","","4"
"L4","3.3CIST","MA","WF-1C92","2200Ø","","4"
"L4","3.3T","MA","WF-1C80","2200Ø","","4"
"L4","3.1T","MA","WF-1C57","2200Ø","","4"
"L4","3.1T","MA","WF-1C58","2200Ø","","4"
"L4","3.1T","MA","WF-1C65","2200Ø","","4"
"L4","3.1T","MA","WF-1C73","2200Ø","","4"
"L4","3.1T","MA","WF-1C72","1500Ø","","4"
"L4","3.1T","MA","WF-1C64","1500Ø","","4"
"L4","2.4T","NB","WF-B2C32","2200Ø","","7"
"L4","2.4T","NB","WF-B2C37","2200Ø","","7"
"L4","2.4T","NB","WF-B2C29","2200Ø","","8"
"L4","2.4T","NB","WF-B2C38","2200Ø","","8"
"L4","2.4T","NB","WF-B2C30","2200Ø","","8"
"L4","2.3T","NB","WF-B2C41","2200Ø","","7"
"L4","2.3T","NB","WF-B2C42","2200Ø","","7"
"L4","2.3T","NB","WF-B2C48","2200Ø","","7"
"L4","2.3T","NB","WF-B2C43","2200Ø","","7"
"L4","2.3T","NB","WF-B2C49","2200Ø","","7"
"L4","2.6CIST","NB","WF-B2C63","2000Ø","","8"
"L4","2.6CIST","NB","WF-B2C66","2200Ø","","7"
"L4","3.1CIST","MA","WF-1C83","1200x3000","","4"
"L4","3.1CIST","MA","WF-1C74","1200x3000","","4"
"L4","3.1CIST","MA","WF-1C67","1200x3000","","4"
"L4","3.1CIST","MA","WF-1C82","2200Ø","","4"
"L4","3.1CIST","MA","WF-1C66","2200Ø","","4"
"L4","3.1CIST","MA","WF-1C59","2200Ø","","4"
"L4","3.1CIST","MA","WF-1C60","1200x3000","","4"
"L4","2.2","NB","WF-B2C27","1500Ø","","8"
"L4","2.2","NB","WF-B2C20","1500Ø","","7"
"L4","2.2","NB","WF-B2C19","1500Ø","","7"
"L4","2.2","NB","WF-B2C26","1500Ø","","8"
"L4","2.2","NB","WF-B2C18","1500Ø","","7"
"L4","2.6CIS","NB","WF-1C53","2200Ø","","4"
"L4","2.6CIS","NB","WF-1C47","1500Ø","","5"
"L4","2.6CIS","NB","WF-B2C67","1200X3000","","8"
"L4","2.6CIS","NB","WF-B2C69","1200X3000","","8"
"L4","2.3CIST","NB","WF-B2C50","2200Ø","","7"
"L4","2.3CIST","NB","WF-B2C58","1000X3700","","8"
"L4","2.3CIST","NB","WF-B2C59","2200Ø","","8"
"L4","2.2T","NB","WF-B2C24","2200Ø","","8"
"L4","2.2T","NB","WF-B2C33","2200Ø","","7"
"L4","2.2T","NB","WF-B2C25","2200Ø","","8"
"L4","2.2T","NB","WF-B2C34","2200Ø","","7"
"L4","2.2T","NB","WF-B2C35","2200Ø","","7"
"L4","2.2T","NB","WF-B2C36","2200Ø","","7"
"L4","2.2T","NB","WF-B2C31","2200Ø","","7"
"L4","2.1T","NB","WF-B2C39","2200Ø","","7"
"L4","2.1T","NB","WF-B2C44","2200Ø","","7"
"L4","2.1T","NB","WF-B2C40","2200Ø","","7"
"L4","2.1","NB","WF-B2C46","1500Ø","","6"
"L4","2.1","NB","WF-B2C47","1500Ø","","7"
"L4","2.1CIS","NB","WF-1C104","1500Ø","","5"
"L4","2.1CIS","NB","WF-B2C57","1500X1500","","7"
"L4","2.1CIS","NB","WF-B2C56","1500X1500","","7"
"L4","2.1CIS","NB","WF-B2C61","1500X1500","","6"
"L4","2.1CIS","NB","WF-B2C51","1500Ø","","7"
"L4","4.2","EB","CX14-CY42","1500Ø","","7"
"L4","4.2","EB","CX15-CY41","1500Ø","","7"
"L4","4.2","EB","CX17-CY42","1500Ø","","7"
"L4","4.2","EB","CX14-CY43-1","1500Ø","","7"
"L4","4.2T","EB","CX17-CY42-1","1500Ø","","7"
"L4","4.2T","EB","CX15-CY43-1","1500Ø","","7"
"L4","2.1CIST","NB","WF-B2C45","2200Ø","","7"
"L4","2.1CIST","NB","WF-B2C54","2200Ø","","7"
"L4","4.1","EB","CX20-CY42-1","2200Ø","","7"
"L4","4.1","EB","CX18-CY43-1","2200Ø","","7"
"L4","4.1","EB","CX19-CY43-1","2200Ø","","7"
"L4","4.4","EB","CX18-CY39","1500Ø","","7"
"L4","4.4","EB","CX15-CY39","1500Ø","","7"
"L4","4.4","EB","CX17-CY41","1500Ø","","7"
"L4","4.4","EB","CX15-CY40-1","1500Ø","","7"
"L4","4.4","EB","CX15-CY40","1500Ø","","7"
"L4","4.1CIST","EB","CX20-CY43-1","2200Ø","","7"
"L4","4.1CIST","EB","CX22-CY43-2","2200Ø","","7"
"L4","4.1CIST","EB","CX24-CY44-1","2200Ø","","7"
"L4","4.1CIST","EB","WF-B2C64","2200Ø","","7"
"L4","4.1CIST","EB","CX25-CY42","1200X2000","","7"
"L4","4.1CIST","EB","CX25-CY43-1","1500X1500","","7"
"L4","4.1CIST","EB","CX25-CY44","1500X1500","","7"
"L4","4.3T","EB","CX21-CY38","2200Ø","","7"
"L4","4.3T","EB","CX22-CY38","2200Ø","","7"
"L4","4.3T","EB","CX21-CY40","2200Ø","","7"
"L4","4.3T","EB","CX21-CY41","2200Ø","","7"
"L4","4.3T","EB","CX19-CY41","1500Ø","","7"
"L4","4.3T","EB","CX19-CY39","1500Ø","","5"
"L4","4.3T","EB","CX20-CY38","1500Ø","","5"
"L4","4.3CIST","EB","CX24-CY39","2200Ø","","7"
"L4","4.3CIST","EB","CX22-CY40","2200Ø","","7"
"L4","4.3CIST","EB","CX24-CY40","2200Ø","","7"
"L5","3.1T","MA","WF-1C57","2200Ø","","4"
"L5","3.1T","MA","WF-1C58","2200Ø","","4"
"L5","3.1T","MA","WF-1C65","2200Ø","","4"
"L5","3.1T","MA","WF-1C73","2200Ø","","4"
"L5","3.1T","MA","WF-1C56","2200Ø","","4"
"L5","3.1T","MA","WF-1C72","1500Ø","","4"
"L5","3.1T","MA","WF-1C64","1500Ø","","4"
"L5","4.1CIST","EB","CX20-CY43-1","2200Ø","","7"
"L5","4.1CIST","EB","CX22-CY43-2","2200Ø","","7"
"L5","4.1CIST","EB","CX24-CY44-1","2200Ø","","7"
"L5","4.1CIST","EB","CX25-CY42","1200X2000","","7"
"L5","4.1CIST","EB","CX25-CY43-1","1500X1500","","7"
"L5","4.1CIST","EB","CX25-CY44","1500X1500","","7"
"L5","2.4T","NB","WF-B2C32","2200Ø","","7"
"L5","2.4T","NB","WF-B2C37","2200Ø","","7"
"L5","2.4T","NB","WF-B2C29","2200Ø","","8"
"L5","2.4T","NB","WF-B2C38","2200Ø","","8"
"L5","2.4T","NB","WF-B2C30","2200Ø","","8"
"L5","1.2T","MA","WF-B2C66","2200Ø","","7"
"L5","1.2T","MA","WF-1C40","2200Ø","","4"
"L5","1.2T","MA","WF-1C45","2200Ø","","4"
"L5","1.2T","MA","WF-1C51","2200Ø","","4"
"L5","1.2T","MA","WF-1C52","2200Ø","","4"
"L5","1.2T","MA","WF-1C46","2200Ø","","4"
"L5","1.2T","MA","WF-1C41","2200Ø","","4"
"L5","1.2T","MA","WF-1C39","1500Ø","","4"
"L5","1.2T","MA","WF-1C50","2200Ø","","4"
"L5","1.2T","MA","WF-1C44","1500Ø","","4"
"L5","1.2T","MA","WF-1C34","1500Ø","","4"
"L5","2.2T","NB","WF-B2C24","2200Ø","","8"
"L5","2.2T","NB","WF-B2C33","2200Ø","","7"
"L5","2.2T","NB","WF-B2C25","2200Ø","","8"
"L5","2.2T","NB","WF-B2C34","2200Ø","","7"
"L5","2.2T","NB","WF-B2C35","2200Ø","","7"
"L5","2.2T","NB","WF-B2C36","2200Ø","","7"
"L5","2.2T","NB","WF-B2C31","2200Ø","","7"
"L5","2.2T","NB","WF-B2C27","1500Ø","","8"
"L5","2.2T","NB","WF-B2C26","1500Ø","","8"
"L5","2.3T","NB","WF-B2C41","2200Ø","","7"
"L5","2.3T","NB","WF-B2C42","2200Ø","","7"
"L5","2.3T","NB","WF-B2C48","2200Ø","","7"
"L5","2.3T","NB","WF-B2C43","2200Ø","","7"
"L5","2.3T","NB","WF-B2C49","2200Ø","","7"
"L5","2.3T","NB","WF-B2C53","2200Ø","","7"
"L5","1.1T","MA","WF-B2C63","2000Ø","","8"
"L5","1.1T","MA","WF-1C36","2200Ø","","4"
"L5","1.1T","MA","WF-1C35","2200Ø","","4"
"L5","3.1CIST","MA","WF-1C83","1200x3000","","4"
"L5","3.1CIST","MA","WF-1C74","1200x3000","","4"
"L5","3.1CIST","MA","WF-1C67","1200x3000","","4"
"L5","3.1CIST","MA","WF-1C82","2200Ø","","4"
"L5","3.1CIST","MA","WF-1C66","2200Ø","","4"
"L5","3.1CIST","MA","WF-1C59","2200Ø","","4"
"L5","3.1CIST","MA","WF-1C60","1200x3000","","4"
"L5","4.2","EB","CX14-CY42","1500Ø","","7"
"L5","4.2","EB","CX15-CY41","1500Ø","","7"
"L5","4.2","EB","CX17-CY42","1500Ø","","7"
"L5","4.2","EB","CX14-CY43-1","1500Ø","","7"
"L5","2.1CIS","NB","WF-B2C45","2200Ø","","7"
"L5","2.1CIS","NB","WF-B2C64","2200Ø","","7"
"L5","2.1CIS","NB","WF-1C104","1500Ø","","5"
"L5","2.1CIS","NB","WF-B2C57","1500X1500","","7"
"L5","2.1CIS","NB","WF-B2C56","1500X1500","","7"
"L5","2.1CIS","NB","WF-B2C61","1500X1500","","6"
"L5","2.1CIS","NB","WF-B2C51","1500Ø","","7"
"L5","2.1CIS","NB","WF-B2C54","2200Ø","","7"
"L5","4.4","EB","CX18-CY39","1500Ø","","7"
"L5","4.4","EB","CX15-CY39","1500Ø","","7"
"L5","4.4","EB","CX17-CY41","1500Ø","","7"
"L5","4.4","EB","CX15-CY40-1","1500Ø","","7"
"L5","4.4","EB","CX15-CY40","1500Ø","","7"
"L5","4.4","EB","CX19-CY41","1500Ø","","7"
"L5","4.4","EB","CX19-CY39","1500Ø","","5"
"L5","4.4","EB","CX20-CY38","1500Ø","","5"
"L5","3.3CIST","MA","WF-1C81","2200Ø","","4"
"L5","3.3CIST","MA","WF-1C99","2200Ø","","4"
"L5","3.3CIST","MA","WF-1C100","2200Ø","","4"
"L5","3.3CIST","MA","WF-1C90","2200Ø","","4"
"L5","3.3CIST","MA","WF-1C91","2200Ø","","4"
"L5","3.3CIST","MA","WF-1C92","2200Ø","","4"
"L5","3.4T","MA","WF-1C89","2200Ø","","4"
"L5","3.4T","MA","WF-1C98","2200Ø","","4"
"L5","3.4T","MA","WF-1C88","1500Ø","","4"
"L5","3.4T","MA","WF-1C97","1500Ø","","4"
"L5","4.3CIST","EB","CX22-CY38","2200Ø","","7"
"L5","4.3CIST","EB","CX24-CY39","2200Ø","","7"
"L5","4.3CIST","EB","CX22-CY40","2200Ø","","7"
"L5","4.3CIST","EB","CX24-CY40","2200Ø","","7"
"L5","2.3CIST","NB","WF-B2C50","2200Ø","","7"
"L5","2.3CIST","NB","WF-B2C58","1000X3700","","8"
"L5","2.3CIST","NB","WF-B2C59","2200Ø","","8"
"L5","2.1","NB","WF-B2C39","2200Ø","","7"
"L5","2.1","NB","WF-B2C44","2200Ø","","7"
"L5","2.1","NB","WF-B2C40","2200Ø","","7"
"L5","4.1T","EB","CX20-CY42-1","2200Ø","","7"
"L5","4.1T","EB","CX18-CY43-1","2200Ø","","7"
"L5","1.2CIST","MA","WF-1C53","2200Ø","","4"
"L5","1.2CIST","MA","WF-1C47","1500Ø","","5"
"L5","1.2CIST","MA","WF-B2C67","1200X3000","","8"
"L5","1.2CIST","MA","WF-B2C69","1200X3000","","8"
"L5","4.3T","EB","CX21-CY38","2200Ø","","7"
"L5","4.3T","EB","CX21-CY40","2200Ø","","7"
"L5","4.3T","EB","CX21-CY41","2200Ø","","7"
"L5","4.1","EB","CX19-CY43-1","2200Ø","","7"
"L5","3.3T","MA","WF-1C80","2200Ø","","4"
"L5","3.3T","MA","WF-1C79","1500Ø","","4"
"L5","2.1T","NB","WF-B2C46","1500Ø","","6"
"L5","2.1T","NB","WF-B2C47","1500Ø","","7"
"L5","4.2T","EB","CX17-CY42-1","1500Ø","","7"
"L5","4.2T","EB","CX15-CY43-1","1500Ø","","7"