Type,Lv,Zone,Month,Men,Note
MEN_NO_WORK,B2,B2-S1,Jul'26,15,
MEN_NO_WORK,B2,B2-S2-2,Oct'26,3,
MEN_NO_WORK,B2,B2-S1a,Jul'26,9,
MEN_NO_WORK,B2,EB2-3.3,Aug'26,25,
MEN_NO_WORK,B2,B2-S12,Jul'26,19,
MEN_NO_WORK,B2,EB2-2.1,Aug'26,29,
MEN_NO_WORK,B2,EB2-1,Aug'26,35,
MEN_NO_WORK,B2,EB2-3.1A-1,Sep'26,10,
MEN_NO_WORK,B1,EB1S2.4,Sep'26,18,
MEN_NO_WORK,B1,C-01b,Oct'26,6,
MEN_NO_WORK,B1M,S-7,Oct'26,4,
MEN_NO_WORK,L1,ZC3.1B,Sep'26,25,
MEN_NO_WORK,L1,CAPPING BEAM 7,Jul'26,2,
MEN_NO_WORK,L1,SLAB 12-2,Oct'26,0,
MEN_NO_WORK,L1,ZC2.1,Sep'26,18,
MEN_NO_WORK,L1,SLAB 9B,Aug'26,14,
MEN_NO_WORK,L1,SLAB 5B,Aug'26,12,
MEN_NO_WORK,L1,SLAB 5A,Aug'26,5,
MEN_NO_WORK,L1,C3.1-6,Oct'26,3,
MEN_NO_WORK,L1,C3.1-7,Oct'26,4,
MEN_NO_WORK,L1,C3.1-8,Oct'26,2,
MEN_NO_WORK,L1,C3.2-6,Oct'26,1,
MEN_NO_WORK,L1,C3.2-7,Oct'26,2,
MEN_NO_WORK,L2,3.4,Oct'26,3,
MEN_NO_WORK,L2,3.2,Oct'26,4,
MEN_NO_WORK,L2,3.4T,Oct'26,6,
MEN_NO_WORK,L2,3.2T,Oct'26,6,
MEN_NO_WORK,L2,1.1,Oct'26,3,
MEN_NO_WORK,L2,2.2T,Aug'26,12,
MEN_NO_WORK,L2,4.3T,Oct'26,9,
MEN_NO_WORK,L3,3.3CIST,Oct'26,8,
MEN_NO_WORK,L3,3.3T,Oct'26,7,
MEN_NO_WORK,L3,3.1CIST,Oct'26,3,
MEN_NO_WORK,L3,2.2,Oct'26,3,
MEN_NO_WORK,L3,2.2T,Oct'26,3,
MEN_NO_WORK,L3,4.1CIST,Oct'26,12,
MEN_NO_WORK,L4,1.2,Oct'26,5,
MEN_NO_WORK,L4,2.4T,Oct'26,0,
MEN_NO_WORK,L4,2.3CIST,Oct'26,3,
MEN_NO_WORK,L4,4.2,Oct'26,5,
MEN_NO_WORK,L4,2.1CIST,Oct'26,0,
MEN_NO_WORK,L4,4.1,Oct'26,6,
MEN_NO_WORK,L5,2.3T,Oct'26,3,
MEN_NO_WORK,L5,4.2T,Oct'26,3,
WORK_NO_MEN,B2,B2-S3-1,Aug'26,,[空]
WORK_NO_MEN,B2,B2-S3-1,Sep'26,,[空]
WORK_NO_MEN,B2,B2-S3-2,Aug'26,,[空]
WORK_NO_MEN,B2,B2-S3-2,Sep'26,,[空]
WORK_NO_MEN,B2,B2-S6,Oct'26,,[表里是 -]
WORK_NO_MEN,B2,B2-S9,Aug'26,,[空]
WORK_NO_MEN,B2,B2-S9,Sep'26,,[空]
WORK_NO_MEN,B2,EB2-2.4,Jul'26,,[空]
WORK_NO_MEN,B2,EB2-2.4,Sep'26,,[空]
WORK_NO_MEN,B2,EB2-2.4,Oct'26,,[表里是 -]
WORK_NO_MEN,B2,B2-S10,Sep'26,,[空]
WORK_NO_MEN,B2,B2-S8,Sep'26,,[空]
WORK_NO_MEN,B2,B2-S11,Sep'26,,[空]
WORK_NO_MEN,B2,EB2-2.3,Jul'26,,[空]
WORK_NO_MEN,B2,EB2-2.3,Sep'26,,[空]
WORK_NO_MEN,B2,B2-S2a,Sep'26,,[空]
WORK_NO_MEN,B2,EB2-3.4,Jul'26,,[空]
WORK_NO_MEN,B2,EB2-3.4,Sep'26,,[空]
WORK_NO_MEN,B2,B2-S14,Sep'26,,[空]
WORK_NO_MEN,B2,B2-S14,Oct'26,,[表里是 -]
WORK_NO_MEN,B2,EB2-2.2,Sep'26,,[空]
WORK_NO_MEN,B2,B2-S13,Sep'26,,[空]
WORK_NO_MEN,B2,B2-S12,Sep'26,,[空]
WORK_NO_MEN,B2,B2-S14a,Jul'26,,[空]
WORK_NO_MEN,B2,B2-S14a,Aug'26,,[空]
WORK_NO_MEN,B2,B2-S14a,Sep'26,,[空]
WORK_NO_MEN,B2,B2-S14a,Oct'26,,[表里是 -]
WORK_NO_MEN,B2,EB2-3.2-2,Jul'26,,[空]
WORK_NO_MEN,B2,B2-S13a,Sep'26,,[空]
WORK_NO_MEN,B2,EB2-3.2-1,Jul'26,,[空]
WORK_NO_MEN,B2,EB2-3.2-1,Aug'26,,[空]
WORK_NO_MEN,B2,EB2-3.1A-2,Sep'26,,[空]
WORK_NO_MEN,B1,D-01,Aug'26,,[空]
WORK_NO_MEN,B1,E-01-1,Jul'26,,[空]
WORK_NO_MEN,B1,E-01-1,Aug'26,,[空]
WORK_NO_MEN,B1,E-01-1,Sep'26,,[空]
WORK_NO_MEN,B1,E-01-2,Jul'26,,[空]
WORK_NO_MEN,B1,E-01-2,Aug'26,,[空]
WORK_NO_MEN,B1,E-01-2,Sep'26,,[空]
WORK_NO_MEN,B1,F-01-1,Jul'26,,[空]
WORK_NO_MEN,B1,F-01-1,Aug'26,,[空]
WORK_NO_MEN,B1,F-01-2,Jul'26,,[空]
WORK_NO_MEN,B1,F-01-2,Aug'26,,[空]
WORK_NO_MEN,B1,C-02-1,Jul'26,,[空]
WORK_NO_MEN,B1,C-02-1,Aug'26,,[空]
WORK_NO_MEN,B1,C-02-1,Sep'26,,[空]
WORK_NO_MEN,B1,C-02-1,Oct'26,,[表里是 -]
WORK_NO_MEN,B1,C-02-2,Jul'26,,[空]
WORK_NO_MEN,B1,C-02-2,Aug'26,,[空]
WORK_NO_MEN,B1,C-02-2,Sep'26,,[空]
WORK_NO_MEN,B1,C-02-2,Oct'26,,[表里是 -]
WORK_NO_MEN,B1,A-04,Jul'26,,[空]
WORK_NO_MEN,B1,A-04,Aug'26,,[空]
WORK_NO_MEN,B1,A-04,Sep'26,,[空]
WORK_NO_MEN,B1,C-02-3,Jul'26,,[空]
WORK_NO_MEN,B1,C-02-3,Aug'26,,[空]
WORK_NO_MEN,B1,B-02,Jul'26,,[空]
WORK_NO_MEN,B1,B-02,Aug'26,,[空]
WORK_NO_MEN,B1,C-01b,Jul'26,,[空]
WORK_NO_MEN,B1,C-01b,Aug'26,,[空]
WORK_NO_MEN,B1,C-01b,Sep'26,,[空]
WORK_NO_MEN,B1,A-06,Jul'26,,[空]
WORK_NO_MEN,B1,A-06,Aug'26,,[空]
WORK_NO_MEN,B1,A-06,Sep'26,,[空]
WORK_NO_MEN,B1,B-03,Jul'26,,[空]
WORK_NO_MEN,B1,B-03,Aug'26,,[空]
WORK_NO_MEN,B1,B-03,Sep'26,,[空]
WORK_NO_MEN,B1,C-01a,Jul'26,,[空]
WORK_NO_MEN,B1,C-01a,Aug'26,,[空]
WORK_NO_MEN,B1,C-01a,Sep'26,,[空]
WORK_NO_MEN,B1,EB1S2.3,Jul'26,,[空]
WORK_NO_MEN,B1,A-03,Jul'26,,[空]
WORK_NO_MEN,B1,A-03,Aug'26,,[空]
WORK_NO_MEN,B1,C-01a-1,Jul'26,,[空]
WORK_NO_MEN,B1,C-01a-1,Aug'26,,[空]
WORK_NO_MEN,B1,C-01a-1,Sep'26,,[空]
WORK_NO_MEN,B1,B-01,Jul'26,,[空]
WORK_NO_MEN,B1,B-01,Aug'26,,[空]
WORK_NO_MEN,B1,A-05,Jul'26,,[空]
WORK_NO_MEN,B1,A-05,Aug'26,,[空]
WORK_NO_MEN,B1,A-05,Sep'26,,[空]
WORK_NO_MEN,B1,EB1S7,Sep'26,,[空]
WORK_NO_MEN,B1,EB1S2.2,Jul'26,,[空]
WORK_NO_MEN,B1,A-01,Jul'26,,[空]
WORK_NO_MEN,B1,A-01,Aug'26,,[空]
WORK_NO_MEN,B1,EB1S2.1,Jul'26,,[空]
WORK_NO_MEN,B1,EB1S2.1,Aug'26,,[空]
WORK_NO_MEN,B1,EB1S2.1,Sep'26,,[空]
WORK_NO_MEN,B1,A-07,Jul'26,,[空]
WORK_NO_MEN,B1,A-07,Aug'26,,[空]
WORK_NO_MEN,B1,A-07,Oct'26,,[表里是 -]
WORK_NO_MEN,B1,EB1S6,Aug'26,,[空]
WORK_NO_MEN,B1,EB1S6,Sep'26,,[空]
WORK_NO_MEN,B1,B-04A,Jul'26,,[空]
WORK_NO_MEN,B1,A-02,Jul'26,,[空]
WORK_NO_MEN,B1,A-02,Aug'26,,[空]
WORK_NO_MEN,B1,EB1S1,Jul'26,,[空]
WORK_NO_MEN,B1,B-04,Jul'26,,[空]
WORK_NO_MEN,B1,EB1S8,Sep'26,,[空]
WORK_NO_MEN,B1,EB1S5,Jul'26,,[空]
WORK_NO_MEN,B1,EB1S5,Aug'26,,[空]
WORK_NO_MEN,B1,EB1S5,Sep'26,,[空]
WORK_NO_MEN,B1M,S-4,Sep'26,,[空]
WORK_NO_MEN,B1M,S-3,Aug'26,,[空]
WORK_NO_MEN,B1M,S-3,Sep'26,,[空]
WORK_NO_MEN,B1M,S-1,Sep'26,,[空]
WORK_NO_MEN,B1M,S-2,Aug'26,,[空]
WORK_NO_MEN,B1M,S-2,Sep'26,,[空]
WORK_NO_MEN,B1M,S-2,Oct'26,,[表里是 -]
WORK_NO_MEN,L1,ZC3.1B,Jul'26,,[空]
WORK_NO_MEN,L1,ZC3.1B,Aug'26,,[空]
WORK_NO_MEN,L1,ZC2.2,Jul'26,,[空]
WORK_NO_MEN,L1,ZC1,Jul'26,,[空]
WORK_NO_MEN,L1,ZC1,Aug'26,,[空]
WORK_NO_MEN,L1,ZC1,Sep'26,,[空]
WORK_NO_MEN,L1,SLAB 10-2,Jul'26,,[空]
WORK_NO_MEN,L1,SLAB 10-2,Aug'26,,[空]
WORK_NO_MEN,L1,SLAB 10-2,Sep'26,,[空]
WORK_NO_MEN,L1,SLAB 13 (F01-2),Jul'26,,[空]
WORK_NO_MEN,L1,SLAB 10-1,Jul'26,,[空]
WORK_NO_MEN,L1,SLAB 8-1,Oct'26,,[表里是 -]
WORK_NO_MEN,L1,SLAB 7-2,Jul'26,,[空]
WORK_NO_MEN,L1,SLAB 7-2,Aug'26,,[空]
WORK_NO_MEN,L1,SLAB 8-2,Sep'26,,[空]
WORK_NO_MEN,L1,SLAB 8-2,Oct'26,,[表里是 -]
WORK_NO_MEN,L1,SLAB 10-1,Jul'26,,[空]
WORK_NO_MEN,L1,SLAB 7-1,Jul'26,,[空]
WORK_NO_MEN,L1,SLAB B-2.4,Aug'26,,[空]
WORK_NO_MEN,L1,SLAB B-2.4,Sep'26,,[空]
WORK_NO_MEN,L1,SLAB 7-1,Jul'26,,[空]
WORK_NO_MEN,L1,SLAB B-2.3,Jul'26,,[空]
WORK_NO_MEN,L1,SLAB B-2.3,Aug'26,,[空]
WORK_NO_MEN,L1,SLAB B-3.3,Jul'26,,[空]
WORK_NO_MEN,L1,SLAB B-3.3,Aug'26,,[空]
WORK_NO_MEN,L1,SLAB B-3.3,Sep'26,,[空]
WORK_NO_MEN,L1,SLAB B-2.2,Jul'26,,[空]
WORK_NO_MEN,L1,SLAB B-2.2,Aug'26,,[空]
WORK_NO_MEN,L1,SLAB B-2.2,Sep'26,,[空]
WORK_NO_MEN,L1,SLAB B-2.1,Jul'26,,[空]
WORK_NO_MEN,L1,SLAB B-2.1,Aug'26,,[空]
WORK_NO_MEN,L1,SLAB B-2.1,Sep'26,,[空]
WORK_NO_MEN,L1,SLAB B-2.1,Oct'26,,[表里是 -]
WORK_NO_MEN,L1,SLAB B-3.2,Sep'26,,[空]
WORK_NO_MEN,L1,SLAB B-1,Sep'26,,[空]
WORK_NO_MEN,L1,SLAB B-1,Oct'26,,[表里是 -]
WORK_NO_MEN,L1,SLAB B-3.4,Jul'26,,[空]
WORK_NO_MEN,L1,SLAB B-3.4,Aug'26,,[空]
WORK_NO_MEN,L1,SLAB B-3.4,Sep'26,,[空]
WORK_NO_MEN,L1,SLAB B-3.1,Jul'26,,[空]
WORK_NO_MEN,L1,SLAB B-3.1,Sep'26,,[空]
WORK_NO_MEN,L1,C2-1,Aug'26,,[空]
WORK_NO_MEN,L1,C2-1,Sep'26,,[空]
WORK_NO_MEN,L1,C2-2,Sep'26,,[空]
WORK_NO_MEN,L1,C2-2,Oct'26,,[表里是 -]
WORK_NO_MEN,L1,C2-5,Sep'26,,[空]
WORK_NO_MEN,L1,C2-5,Oct'26,,[表里是 -]
WORK_NO_MEN,L1,C2-3,Aug'26,,[空]
WORK_NO_MEN,L1,C2-3,Sep'26,,[空]
WORK_NO_MEN,L1,C2-4,Jul'26,,[空]
WORK_NO_MEN,L1,C2-4,Aug'26,,[空]
WORK_NO_MEN,L1,C2-4,Sep'26,,[空]
WORK_NO_MEN,L1,C2-4,Oct'26,,[表里是 -]
WORK_NO_MEN,L1,C3.1-1,Aug'26,,[空]
WORK_NO_MEN,L1,C3.1-1,Sep'26,,[空]
WORK_NO_MEN,L1,C3.1-1,Oct'26,,[表里是 -]
WORK_NO_MEN,L1,C3.1-2,Sep'26,,[空]
WORK_NO_MEN,L1,C3.1-2,Oct'26,,[表里是 -]
WORK_NO_MEN,L1,C3.1-3,Sep'26,,[空]
WORK_NO_MEN,L1,C1-2,Jul'26,,[空]
WORK_NO_MEN,L1,C1-6,Jul'26,,[空]
WORK_NO_MEN,L1,C1-6,Aug'26,,[空]
WORK_NO_MEN,L1,C1-6,Sep'26,,[空]
WORK_NO_MEN,L1,C1-6,Oct'26,,[表里是 -]
WORK_NO_MEN,L1,C1-7,Jul'26,,[空]
WORK_NO_MEN,L1,C1-7,Aug'26,,[空]
WORK_NO_MEN,L1,C1-7,Sep'26,,[空]
WORK_NO_MEN,L1,C1-7,Oct'26,,[表里是 -]
WORK_NO_MEN,L1,C3.2-1,Aug'26,,[空]
WORK_NO_MEN,L1,C3.2-1,Sep'26,,[空]
WORK_NO_MEN,L1,C3.2-1,Oct'26,,[表里是 -]
WORK_NO_MEN,L1,C3.2-2,Sep'26,,[空]
WORK_NO_MEN,L1,C3.2-2,Oct'26,,[表里是 -]
WORK_NO_MEN,L1,C3.2-3,Aug'26,,[空]
WORK_NO_MEN,L1,C3.2-3,Sep'26,,[空]
WORK_NO_MEN,L1,C3.2-4,Aug'26,,[空]
WORK_NO_MEN,L1,C3.2-4,Sep'26,,[空]
WORK_NO_MEN,L1,P3-1,Jul'26,,[空]
WORK_NO_MEN,L1,P1,Aug'26,,[空]
WORK_NO_MEN,L1,P13,Jul'26,,[空]
WORK_NO_MEN,L1,P13,Aug'26,,[空]
WORK_NO_MEN,L1,P3-2,Jul'26,,[空]
WORK_NO_MEN,L1,P10,Aug'26,,[空]
WORK_NO_MEN,L1,P10,Sep'26,,[空]
WORK_NO_MEN,L1,P8-3,Oct'26,,[表里是 -]
WORK_NO_MEN,L1,P7-2,Oct'26,,[表里是 -]
WORK_NO_MEN,L1,P6-2,Oct'26,,[表里是 -]
WORK_NO_MEN,L1,P5-2,Oct'26,,[表里是 -]
WORK_NO_MEN,L1,P2,Jul'26,,[空]
WORK_NO_MEN,L1,P4-2,Oct'26,,[表里是 -]
WORK_NO_MEN,L1,P11,Sep'26,,[空]
WORK_NO_MEN,L1,P11,Oct'26,,[表里是 -]
WORK_NO_MEN,L2,1.2,Aug'26,,[空]
WORK_NO_MEN,L2,1.2,Sep'26,,[空]
WORK_NO_MEN,L2,1.2,Oct'26,,[表里是 -]
WORK_NO_MEN,L2,1.2T,Jul'26,,[空]
WORK_NO_MEN,L2,1.2T,Aug'26,,[空]
WORK_NO_MEN,L2,1.2T,Sep'26,,[空]
WORK_NO_MEN,L2,1.2T,Oct'26,,[表里是 -]
WORK_NO_MEN,L2,3.3CIST,Sep'26,,[空]
WORK_NO_MEN,L2,3.1T,Jul'26,,[空]
WORK_NO_MEN,L2,3.1T,Aug'26,,[空]
WORK_NO_MEN,L2,3.1T,Sep'26,,[空]
WORK_NO_MEN,L2,2.4,Aug'26,,[空]
WORK_NO_MEN,L2,2.4,Sep'26,,[空]
WORK_NO_MEN,L2,2.4T,Oct'26,,[表里是 -]
WORK_NO_MEN,L2,2.6CIST,Jul'26,,[空]
WORK_NO_MEN,L2,2.6CIST,Aug'26,,[空]
WORK_NO_MEN,L2,2.6CIST,Sep'26,,[空]
WORK_NO_MEN,L2,2.6CIST,Oct'26,,[表里是 -]
WORK_NO_MEN,L2,2.6CIS,Aug'26,,[空]
WORK_NO_MEN,L2,2.6CIS,Sep'26,,[空]
WORK_NO_MEN,L2,2.3CIST,Jul'26,,[空]
WORK_NO_MEN,L2,2.3CIST,Aug'26,,[空]
WORK_NO_MEN,L2,2.3CIST,Sep'26,,[空]
WORK_NO_MEN,L2,2.3CIST,Oct'26,,[表里是 -]
WORK_NO_MEN,L2,2.1T,Jul'26,,[空]
WORK_NO_MEN,L2,2.1T,Aug'26,,[空]
WORK_NO_MEN,L2,2.1T,Sep'26,,[空]
WORK_NO_MEN,L2,2.1,Jul'26,,[空]
WORK_NO_MEN,L2,2.1CIS,Jul'26,,[空]
WORK_NO_MEN,L2,4.2,Sep'26,,[空]
WORK_NO_MEN,L2,4.2,Oct'26,,[表里是 -]
WORK_NO_MEN,L2,4.2T,Sep'26,,[空]
WORK_NO_MEN,L2,2.1CIST,Jul'26,,[空]
WORK_NO_MEN,L2,2.1CIST,Sep'26,,[空]
WORK_NO_MEN,L2,2.1CIST,Oct'26,,[表里是 -]
WORK_NO_MEN,L2,4.1,Sep'26,,[空]
WORK_NO_MEN,L2,4.1,Oct'26,,[表里是 -]
WORK_NO_MEN,L2,4.1CIST,Sep'26,,[空]
WORK_NO_MEN,L3,1.2,Sep'26,,[空]
WORK_NO_MEN,L3,2.4,Sep'26,,[空]
WORK_NO_MEN,L3,2.4,Oct'26,,[表里是 -]
WORK_NO_MEN,L3,2.3T,Jul'26,,[空]
WORK_NO_MEN,L3,2.3T,Sep'26,,[空]
WORK_NO_MEN,L3,2.6CIST,Sep'26,,[空]
WORK_NO_MEN,L3,2.6CIS,Oct'26,,[表里是 -]
WORK_NO_MEN,L3,2.3CIST,Sep'26,,[空]
WORK_NO_MEN,L3,2.1T,Aug'26,,[空]
WORK_NO_MEN,L3,2.1T,Sep'26,,[空]
WORK_NO_MEN,L3,2.1T,Oct'26,,[表里是 -]
WORK_NO_MEN,L3,2.1,Aug'26,,[空]
WORK_NO_MEN,L3,2.1,Sep'26,,[空]
WORK_NO_MEN,L3,2.1,Oct'26,,[表里是 -]
WORK_NO_MEN,L3,2.1CIS,Sep'26,,[空]
WORK_NO_MEN,L3,4.2T,Sep'26,,[空]
WORK_NO_MEN,L3,4.2T,Oct'26,,[表里是 -]
WORK_NO_MEN,L4,2.4,Oct'26,,[表里是 -]
WORK_NO_MEN,L4,2.3T,Sep'26,,[空]
WORK_NO_MEN,L4,2.1,Sep'26,,[空]
NO_TEAM,L1,ZC3.1B,,,
NO_TEAM,L1,ZC1,,,
NO_TEAM,L1,SLAB 11A,,,
NO_TEAM,L1,SLAB 11B,,,
NO_TEAM,L1,SLAB 12-1,,,
NO_TEAM,L1,SLAB 12-2,,,
NO_TEAM,L1,SLAB 8A-1,,,
NO_TEAM,L1,SLAB 8A-2,,,
NO_TEAM,L1,SLAB 10-2,,,
NO_TEAM,L1,SLAB 13 (F01-2),,,
NO_TEAM,L1,SLAB 10-1,,,
NO_TEAM,L1,SLAB 8-1,,,
NO_TEAM,L1,SLAB 7-2,,,
NO_TEAM,L1,SLAB 8-2,,,
NO_TEAM,L1,SLAB 10-1,,,
NO_TEAM,L1,SLAB 7-1,,,
NO_TEAM,L1,SLAB 7-3,,,
NO_TEAM,L1,SLAB 7-1,,,
